File Name,Object Name
./Annotations\0001.xml,spindle
./Annotations\0002.xml,small-polygonal
./Annotations\0002.xml,small-polygonal
./Annotations\0003.xml,small-polygonal
./Annotations\0003.xml,medium-polygonal
./Annotations\0003.xml,large-spread
./Annotations\0003.xml,medium-spread
./Annotations\0003.xml,medium-spread
./Annotations\0003.xml,medium-spread
./Annotations\0004.xml,medium-polygonal
./Annotations\0004.xml,medium-spread
./Annotations\0004.xml,dividing
./Annotations\0004.xml,medium-spread
./Annotations\0004.xml,large-spread
./Annotations\0004.xml,dividing
./Annotations\0005.xml,medium-spread
./Annotations\0005.xml,large-spread
./Annotations\0005.xml,medium-polygonal
./Annotations\0005.xml,medium-spread
./Annotations\0005.xml,medium-polygonal
./Annotations\0005.xml,medium-polygonal
./Annotations\0006.xml,small-spread
./Annotations\0006.xml,medium-spread
./Annotations\0006.xml,medium-polygonal
./Annotations\0006.xml,large-spread
./Annotations\0006.xml,medium-polygonal
./Annotations\0007.xml,medium-spread
./Annotations\0007.xml,medium-spread
./Annotations\0007.xml,medium-polygonal
./Annotations\0007.xml,medium-spread
./Annotations\0007.xml,medium-spread
./Annotations\0007.xml,medium-spread
./Annotations\0007.xml,medium-spread
./Annotations\0007.xml,large-spread
./Annotations\0007.xml,medium-polygonal
./Annotations\0007.xml,medium-spread
./Annotations\0007.xml,medium-polygonal
./Annotations\0007.xml,medium-polygonal
./Annotations\0007.xml,medium-polygonal
./Annotations\0008.xml,medium-spread
./Annotations\0008.xml,dividing
./Annotations\0008.xml,medium-polygonal
./Annotations\0008.xml,medium-spread
./Annotations\0009.xml,medium-polygonal
./Annotations\0009.xml,medium-polygonal
./Annotations\0009.xml,medium-spread
./Annotations\0009.xml,medium-spread
./Annotations\0009.xml,medium-spread
./Annotations\0009.xml,medium-polygonal
./Annotations\0009.xml,medium-polygonal
./Annotations\0009.xml,medium-polygonal
./Annotations\0009.xml,medium-spread
./Annotations\0009.xml,large-spread
./Annotations\0010.xml,medium-spread
./Annotations\0010.xml,medium-polygonal
./Annotations\0010.xml,medium-polygonal
./Annotations\0010.xml,medium-polygonal
./Annotations\0010.xml,medium-polygonal
./Annotations\0010.xml,medium-spread
./Annotations\0010.xml,medium-spread
./Annotations\0010.xml,small-spread
./Annotations\0010.xml,medium-polygonal
./Annotations\0010.xml,medium-spread
./Annotations\0010.xml,medium-spread
./Annotations\0010.xml,dividing
./Annotations\0010.xml,dividing
./Annotations\0010.xml,medium-spread
./Annotations\0010.xml,medium-spread
./Annotations\0010.xml,medium-spread
./Annotations\0010.xml,medium-polygonal
./Annotations\0010.xml,medium-spread
./Annotations\0010.xml,medium-polygonal
./Annotations\0010.xml,small-polygonal
./Annotations\0011.xml,medium-polygonal
./Annotations\0011.xml,medium-polygonal
./Annotations\0011.xml,medium-spread
./Annotations\0011.xml,medium-spread
./Annotations\0011.xml,medium-spread
./Annotations\0011.xml,medium-polygonal
./Annotations\0011.xml,medium-polygonal
./Annotations\0011.xml,medium-polygonal
./Annotations\0011.xml,small-spread
./Annotations\0012.xml,medium-polygonal
./Annotations\0012.xml,medium-spread
./Annotations\0012.xml,medium-polygonal
./Annotations\0012.xml,medium-spread
./Annotations\0012.xml,medium-spread
./Annotations\0012.xml,medium-spread
./Annotations\0012.xml,medium-spread
./Annotations\0012.xml,medium-spread
./Annotations\0012.xml,medium-spread
./Annotations\0012.xml,dividing
./Annotations\0012.xml,medium-polygonal
./Annotations\0012.xml,medium-polygonal
./Annotations\0012.xml,spindle
./Annotations\0012.xml,spindle
./Annotations\0012.xml,spindle
./Annotations\0012.xml,medium-polygonal
./Annotations\0013.xml,medium-spread
./Annotations\0013.xml,medium-polygonal
./Annotations\0013.xml,medium-spread
./Annotations\0013.xml,medium-polygonal
./Annotations\0013.xml,medium-polygonal
./Annotations\0013.xml,medium-polygonal
./Annotations\0013.xml,medium-spread
./Annotations\0013.xml,medium-spread
./Annotations\0013.xml,medium-spread
./Annotations\0013.xml,medium-spread
./Annotations\0013.xml,dividing
./Annotations\0013.xml,medium-spread
./Annotations\0013.xml,medium-spread
./Annotations\0013.xml,medium-spread
./Annotations\0013.xml,medium-spread
./Annotations\0013.xml,medium-polygonal
./Annotations\0014.xml,dividing
./Annotations\0014.xml,medium-polygonal
./Annotations\0014.xml,medium-spread
./Annotations\0014.xml,medium-spread
./Annotations\0014.xml,medium-spread
./Annotations\0014.xml,medium-spread
./Annotations\0014.xml,medium-spread
./Annotations\0014.xml,medium-spread
./Annotations\0014.xml,medium-spread
./Annotations\0014.xml,medium-spread
./Annotations\0014.xml,medium-spread
./Annotations\0014.xml,medium-spread
./Annotations\0014.xml,medium-spread
./Annotations\0015.xml,medium-spread
./Annotations\0015.xml,medium-spread
./Annotations\0015.xml,medium-spread
./Annotations\0015.xml,medium-spread
./Annotations\0015.xml,medium-spread
./Annotations\0015.xml,medium-spread
./Annotations\0015.xml,medium-spread
./Annotations\0015.xml,medium-spread
./Annotations\0015.xml,medium-polygonal
./Annotations\0015.xml,medium-polygonal
./Annotations\0015.xml,medium-polygonal
./Annotations\0015.xml,medium-polygonal
./Annotations\0015.xml,medium-polygonal
./Annotations\0015.xml,medium-polygonal
./Annotations\0016.xml,medium-spread
./Annotations\0016.xml,medium-polygonal
./Annotations\0016.xml,medium-polygonal
./Annotations\0016.xml,medium-polygonal
./Annotations\0016.xml,dividing
./Annotations\0016.xml,dividing
./Annotations\0016.xml,large-spread
./Annotations\0016.xml,medium-spread
./Annotations\0016.xml,medium-polygonal
./Annotations\0016.xml,medium-polygonal
./Annotations\0016.xml,medium-polygonal
./Annotations\0016.xml,medium-polygonal
./Annotations\0016.xml,spindle
./Annotations\0016.xml,spindle
./Annotations\0016.xml,medium-polygonal
./Annotations\0017.xml,medium-spread
./Annotations\0017.xml,medium-spread
./Annotations\0017.xml,medium-spread
./Annotations\0017.xml,medium-spread
./Annotations\0017.xml,medium-spread
./Annotations\0017.xml,medium-polygonal
./Annotations\0017.xml,medium-polygonal
./Annotations\0017.xml,medium-polygonal
./Annotations\0017.xml,medium-polygonal
./Annotations\0017.xml,large-spread
./Annotations\0018.xml,dividing
./Annotations\0018.xml,dividing
./Annotations\0018.xml,medium-spread
./Annotations\0018.xml,medium-spread
./Annotations\0018.xml,medium-spread
./Annotations\0018.xml,medium-spread
./Annotations\0018.xml,medium-spread
./Annotations\0018.xml,medium-polygonal
./Annotations\0018.xml,medium-polygonal
./Annotations\0018.xml,medium-polygonal
./Annotations\0018.xml,medium-polygonal
./Annotations\0018.xml,medium-polygonal
./Annotations\0018.xml,medium-polygonal
./Annotations\0018.xml,medium-polygonal
./Annotations\0018.xml,medium-spread
./Annotations\0018.xml,medium-spread
./Annotations\0018.xml,large-spread
./Annotations\0019.xml,medium-polygonal
./Annotations\0019.xml,medium-polygonal
./Annotations\0019.xml,medium-polygonal
./Annotations\0019.xml,medium-polygonal
./Annotations\0019.xml,medium-polygonal
./Annotations\0019.xml,medium-polygonal
./Annotations\0019.xml,medium-polygonal
./Annotations\0019.xml,medium-polygonal
./Annotations\0019.xml,medium-spread
./Annotations\0019.xml,medium-spread
./Annotations\0019.xml,medium-spread
./Annotations\0019.xml,medium-spread
./Annotations\0019.xml,medium-spread
./Annotations\0019.xml,medium-spread
./Annotations\0019.xml,medium-spread
./Annotations\0019.xml,medium-spread
./Annotations\0020.xml,medium-polygonal
./Annotations\0020.xml,medium-polygonal
./Annotations\0020.xml,medium-polygonal
./Annotations\0020.xml,medium-polygonal
./Annotations\0020.xml,medium-polygonal
./Annotations\0020.xml,medium-polygonal
./Annotations\0020.xml,medium-spread
./Annotations\0020.xml,medium-spread
./Annotations\0020.xml,medium-spread
./Annotations\0020.xml,medium-spread
./Annotations\0020.xml,medium-spread
./Annotations\0020.xml,medium-spread
./Annotations\0020.xml,medium-spread
./Annotations\0020.xml,medium-spread
./Annotations\0020.xml,dividing
./Annotations\0020.xml,dividing
./Annotations\0020.xml,dividing
./Annotations\0020.xml,large-spread
./Annotations\0020.xml,large-spread
./Annotations\0021.xml,medium-polygonal
./Annotations\0021.xml,medium-polygonal
./Annotations\0021.xml,medium-polygonal
./Annotations\0021.xml,medium-polygonal
./Annotations\0021.xml,medium-polygonal
./Annotations\0021.xml,medium-polygonal
./Annotations\0021.xml,medium-polygonal
./Annotations\0021.xml,spindle
./Annotations\0021.xml,medium-spread
./Annotations\0021.xml,medium-spread
./Annotations\0021.xml,medium-spread
./Annotations\0021.xml,medium-spread
./Annotations\0021.xml,medium-spread
./Annotations\0021.xml,medium-spread
./Annotations\0021.xml,large-spread
./Annotations\0021.xml,medium-spread
./Annotations\0022.xml,medium-spread
./Annotations\0022.xml,medium-spread
./Annotations\0022.xml,medium-spread
./Annotations\0022.xml,medium-spread
./Annotations\0022.xml,medium-spread
./Annotations\0022.xml,medium-spread
./Annotations\0022.xml,medium-spread
./Annotations\0022.xml,medium-polygonal
./Annotations\0022.xml,medium-polygonal
./Annotations\0022.xml,large-polygonal
./Annotations\0022.xml,medium-polygonal
./Annotations\0022.xml,small-polygonal
./Annotations\0022.xml,small-polygonal
./Annotations\0022.xml,dividing
./Annotations\0022.xml,dividing
./Annotations\0022.xml,dividing
./Annotations\0023.xml,dividing
./Annotations\0023.xml,medium-spread
./Annotations\0023.xml,medium-spread
./Annotations\0023.xml,medium-polygonal
./Annotations\0023.xml,medium-polygonal
./Annotations\0023.xml,medium-polygonal
./Annotations\0023.xml,medium-polygonal
./Annotations\0023.xml,medium-polygonal
./Annotations\0023.xml,medium-polygonal
./Annotations\0023.xml,large-polygonal
./Annotations\0023.xml,medium-spread
./Annotations\0023.xml,medium-polygonal
./Annotations\0023.xml,medium-spread
./Annotations\0023.xml,large-spread
./Annotations\0024.xml,medium-polygonal
./Annotations\0024.xml,medium-spread
./Annotations\0024.xml,medium-spread
./Annotations\0024.xml,medium-spread
./Annotations\0024.xml,medium-spread
./Annotations\0025.xml,medium-spread
./Annotations\0025.xml,medium-spread
./Annotations\0025.xml,medium-spread
./Annotations\0025.xml,medium-polygonal
./Annotations\0025.xml,medium-polygonal
./Annotations\0025.xml,medium-polygonal
./Annotations\0026.xml,medium-spread
./Annotations\0026.xml,medium-spread
./Annotations\0026.xml,medium-spread
./Annotations\0026.xml,medium-spread
./Annotations\0026.xml,medium-spread
./Annotations\0026.xml,medium-spread
./Annotations\0026.xml,medium-spread
./Annotations\0026.xml,medium-polygonal
./Annotations\0026.xml,medium-polygonal
./Annotations\0027.xml,medium-spread
./Annotations\0027.xml,medium-spread
./Annotations\0027.xml,medium-spread
./Annotations\0027.xml,medium-spread
./Annotations\0027.xml,large-spread
./Annotations\0027.xml,medium-spread
./Annotations\0027.xml,medium-polygonal
./Annotations\0027.xml,medium-polygonal
./Annotations\0027.xml,medium-polygonal
./Annotations\0027.xml,medium-polygonal
./Annotations\0027.xml,medium-polygonal
./Annotations\0027.xml,medium-polygonal
./Annotations\0027.xml,large-polygonal
./Annotations\0028.xml,medium-spread
./Annotations\0028.xml,medium-spread
./Annotations\0028.xml,medium-spread
./Annotations\0028.xml,medium-spread
./Annotations\0028.xml,medium-polygonal
./Annotations\0028.xml,medium-polygonal
./Annotations\0028.xml,medium-polygonal
./Annotations\0029.xml,medium-spread
./Annotations\0029.xml,medium-spread
./Annotations\0030.xml,medium-spread
./Annotations\0030.xml,medium-spread
./Annotations\0030.xml,medium-spread
./Annotations\0030.xml,medium-spread
./Annotations\0030.xml,medium-spread
./Annotations\0030.xml,medium-spread
./Annotations\0030.xml,large-spread
./Annotations\0031.xml,medium-polygonal
./Annotations\0031.xml,medium-polygonal
./Annotations\0031.xml,medium-polygonal
./Annotations\0031.xml,medium-polygonal
./Annotations\0031.xml,medium-polygonal
./Annotations\0031.xml,medium-spread
./Annotations\0031.xml,medium-spread
./Annotations\0031.xml,medium-spread
./Annotations\0031.xml,medium-spread
./Annotations\0032.xml,medium-spread
./Annotations\0032.xml,medium-spread
./Annotations\0032.xml,medium-spread
./Annotations\0032.xml,medium-spread
./Annotations\0032.xml,medium-polygonal
./Annotations\0033.xml,medium-spread
./Annotations\0033.xml,medium-spread
./Annotations\0033.xml,medium-spread
./Annotations\0033.xml,medium-spread
./Annotations\0033.xml,small-spread
./Annotations\0033.xml,medium-polygonal
./Annotations\0033.xml,medium-polygonal
./Annotations\0033.xml,medium-polygonal
./Annotations\0033.xml,medium-polygonal
./Annotations\0033.xml,medium-polygonal
./Annotations\0033.xml,large-spread
./Annotations\0034.xml,medium-spread
./Annotations\0034.xml,medium-spread
./Annotations\0034.xml,medium-spread
./Annotations\0034.xml,medium-spread
./Annotations\0034.xml,medium-spread
./Annotations\0034.xml,medium-spread
./Annotations\0034.xml,medium-polygonal
./Annotations\0034.xml,medium-polygonal
./Annotations\0034.xml,medium-polygonal
./Annotations\0035.xml,medium-spread
./Annotations\0035.xml,medium-spread
./Annotations\0035.xml,medium-spread
./Annotations\0035.xml,medium-spread
./Annotations\0035.xml,medium-spread
./Annotations\0036.xml,medium-spread
./Annotations\0036.xml,medium-spread
./Annotations\0036.xml,medium-spread
./Annotations\0036.xml,medium-spread
./Annotations\0036.xml,medium-spread
./Annotations\0037.xml,medium-spread
./Annotations\0037.xml,medium-spread
./Annotations\0037.xml,medium-spread
./Annotations\0037.xml,medium-spread
./Annotations\0037.xml,dividing
./Annotations\0037.xml,medium-polygonal
./Annotations\0037.xml,medium-polygonal
./Annotations\0037.xml,medium-polygonal
./Annotations\0037.xml,medium-polygonal
./Annotations\0038.xml,medium-spread
./Annotations\0038.xml,medium-spread
./Annotations\0038.xml,medium-spread
./Annotations\0038.xml,medium-spread
./Annotations\0038.xml,medium-spread
./Annotations\0038.xml,medium-spread
./Annotations\0038.xml,medium-spread
./Annotations\0038.xml,medium-polygonal
./Annotations\0039.xml,medium-polygonal
./Annotations\0039.xml,medium-polygonal
./Annotations\0039.xml,medium-polygonal
./Annotations\0039.xml,medium-polygonal
./Annotations\0039.xml,medium-spread
./Annotations\0039.xml,medium-spread
./Annotations\0039.xml,medium-spread
./Annotations\0039.xml,medium-spread
./Annotations\0039.xml,medium-spread
./Annotations\0039.xml,medium-spread
./Annotations\0040.xml,medium-spread
./Annotations\0040.xml,medium-spread
./Annotations\0040.xml,medium-spread
./Annotations\0040.xml,medium-spread
./Annotations\0040.xml,medium-spread
./Annotations\0040.xml,medium-polygonal
./Annotations\0040.xml,medium-polygonal
./Annotations\0040.xml,medium-polygonal
./Annotations\0040.xml,medium-polygonal
./Annotations\0041.xml,medium-polygonal
./Annotations\0041.xml,medium-polygonal
./Annotations\0041.xml,medium-polygonal
./Annotations\0041.xml,medium-polygonal
./Annotations\0041.xml,medium-polygonal
./Annotations\0041.xml,medium-polygonal
./Annotations\0041.xml,medium-polygonal
./Annotations\0041.xml,medium-spread
./Annotations\0041.xml,medium-spread
./Annotations\0041.xml,medium-spread
./Annotations\0041.xml,medium-spread
./Annotations\0041.xml,medium-spread
./Annotations\0041.xml,medium-spread
./Annotations\0041.xml,medium-spread
./Annotations\0041.xml,medium-spread
./Annotations\0041.xml,medium-spread
./Annotations\0041.xml,medium-spread
./Annotations\0041.xml,medium-spread
./Annotations\0041.xml,dividing
./Annotations\0041.xml,dividing
./Annotations\0041.xml,medium-spread
./Annotations\0042.xml,medium-spread
./Annotations\0042.xml,small-polygonal
./Annotations\0042.xml,small-polygonal
./Annotations\0042.xml,medium-polygonal
./Annotations\0042.xml,medium-polygonal
./Annotations\0042.xml,medium-polygonal
./Annotations\0042.xml,medium-polygonal
./Annotations\0042.xml,medium-spread
./Annotations\0042.xml,medium-spread
./Annotations\0042.xml,medium-spread
./Annotations\0043.xml,medium-polygonal
./Annotations\0043.xml,medium-spread
./Annotations\0043.xml,medium-spread
./Annotations\0043.xml,medium-spread
./Annotations\0043.xml,medium-spread
./Annotations\0043.xml,medium-spread
./Annotations\0043.xml,medium-spread
./Annotations\0043.xml,medium-spread
./Annotations\0043.xml,large-spread
./Annotations\0044.xml,medium-polygonal
./Annotations\0044.xml,medium-polygonal
./Annotations\0044.xml,medium-polygonal
./Annotations\0044.xml,medium-spread
./Annotations\0044.xml,medium-spread
./Annotations\0044.xml,medium-spread
./Annotations\0044.xml,medium-spread
./Annotations\0044.xml,medium-spread
./Annotations\0044.xml,medium-spread
./Annotations\0044.xml,medium-spread
./Annotations\0044.xml,medium-spread
./Annotations\0044.xml,medium-spread
./Annotations\0045.xml,medium-spread
./Annotations\0045.xml,medium-spread
./Annotations\0045.xml,medium-spread
./Annotations\0045.xml,medium-spread
./Annotations\0045.xml,medium-spread
./Annotations\0045.xml,medium-spread
./Annotations\0045.xml,medium-spread
./Annotations\0045.xml,medium-spread
./Annotations\0045.xml,medium-spread
./Annotations\0045.xml,medium-polygonal
./Annotations\0045.xml,medium-polygonal
./Annotations\0045.xml,medium-polygonal
./Annotations\0045.xml,dividing
./Annotations\0045.xml,dividing
./Annotations\0045.xml,dividing
./Annotations\0046.xml,large-spread
./Annotations\0046.xml,medium-spread
./Annotations\0046.xml,medium-spread
./Annotations\0046.xml,medium-spread
./Annotations\0046.xml,medium-spread
./Annotations\0046.xml,medium-spread
./Annotations\0046.xml,medium-spread
./Annotations\0046.xml,medium-spread
./Annotations\0046.xml,medium-spread
./Annotations\0046.xml,medium-polygonal
./Annotations\0046.xml,medium-polygonal
./Annotations\0046.xml,medium-polygonal
./Annotations\0046.xml,large-polygonal
./Annotations\0046.xml,large-spread
./Annotations\0047.xml,medium-spread
./Annotations\0047.xml,medium-spread
./Annotations\0047.xml,medium-spread
./Annotations\0047.xml,medium-spread
./Annotations\0047.xml,medium-spread
./Annotations\0047.xml,medium-spread
./Annotations\0047.xml,medium-spread
./Annotations\0047.xml,medium-spread
./Annotations\0047.xml,medium-spread
./Annotations\0047.xml,medium-polygonal
./Annotations\0047.xml,medium-polygonal
./Annotations\0047.xml,medium-polygonal
./Annotations\0047.xml,medium-polygonal
./Annotations\0048.xml,medium-polygonal
./Annotations\0048.xml,medium-polygonal
./Annotations\0048.xml,medium-polygonal
./Annotations\0048.xml,medium-polygonal
./Annotations\0048.xml,medium-spread
./Annotations\0048.xml,small-spread
./Annotations\0048.xml,small-spread
./Annotations\0048.xml,small-spread
./Annotations\0048.xml,small-spread
./Annotations\0048.xml,small-spread
./Annotations\0048.xml,small-spread
./Annotations\0048.xml,large-polygonal
./Annotations\0048.xml,medium-spread
./Annotations\0048.xml,large-spread
./Annotations\0049.xml,medium-polygonal
./Annotations\0049.xml,medium-polygonal
./Annotations\0049.xml,medium-polygonal
./Annotations\0049.xml,medium-polygonal
./Annotations\0049.xml,medium-polygonal
./Annotations\0049.xml,medium-polygonal
./Annotations\0049.xml,medium-spread
./Annotations\0049.xml,medium-spread
./Annotations\0049.xml,medium-spread
./Annotations\0049.xml,medium-spread
./Annotations\0049.xml,medium-spread
./Annotations\0049.xml,medium-spread
./Annotations\0049.xml,medium-spread
./Annotations\0049.xml,medium-spread
./Annotations\0050.xml,medium-spread
./Annotations\0050.xml,medium-spread
./Annotations\0050.xml,medium-spread
./Annotations\0050.xml,medium-spread
./Annotations\0050.xml,medium-spread
./Annotations\0050.xml,medium-spread
./Annotations\0050.xml,medium-spread
./Annotations\0050.xml,medium-polygonal
./Annotations\0050.xml,medium-polygonal
./Annotations\0050.xml,medium-polygonal
./Annotations\0050.xml,medium-polygonal
./Annotations\0050.xml,medium-polygonal
./Annotations\0050.xml,medium-polygonal
./Annotations\0050.xml,medium-polygonal
./Annotations\0050.xml,medium-polygonal
./Annotations\0050.xml,medium-polygonal
./Annotations\0050.xml,medium-polygonal
./Annotations\0050.xml,large-spread
./Annotations\0051.xml,medium-spread
./Annotations\0051.xml,medium-spread
./Annotations\0051.xml,medium-spread
./Annotations\0051.xml,medium-spread
./Annotations\0051.xml,medium-spread
./Annotations\0051.xml,medium-spread
./Annotations\0051.xml,medium-spread
./Annotations\0051.xml,medium-spread
./Annotations\0051.xml,medium-spread
./Annotations\0052.xml,medium-spread
./Annotations\0052.xml,small-spread
./Annotations\0052.xml,small-spread
./Annotations\0052.xml,medium-spread
./Annotations\0052.xml,medium-spread
./Annotations\0052.xml,medium-spread
./Annotations\0052.xml,medium-spread
./Annotations\0052.xml,medium-spread
./Annotations\0052.xml,medium-polygonal
./Annotations\0052.xml,medium-spread
./Annotations\0052.xml,medium-spread
./Annotations\0052.xml,medium-spread
./Annotations\0052.xml,medium-spread
./Annotations\0052.xml,medium-spread
./Annotations\0053.xml,medium-spread
./Annotations\0053.xml,dividing
./Annotations\0053.xml,medium-spread
./Annotations\0053.xml,medium-spread
./Annotations\0053.xml,medium-spread
./Annotations\0054.xml,medium-spread
./Annotations\0054.xml,medium-polygonal
./Annotations\0054.xml,medium-polygonal
./Annotations\0054.xml,dividing
./Annotations\0054.xml,dividing
./Annotations\0054.xml,medium-polygonal
./Annotations\0054.xml,medium-spread
./Annotations\0054.xml,medium-polygonal
./Annotations\0054.xml,medium-polygonal
./Annotations\0054.xml,medium-spread
./Annotations\0054.xml,medium-polygonal
./Annotations\0055.xml,medium-spread
./Annotations\0055.xml,medium-polygonal
./Annotations\0055.xml,medium-spread
./Annotations\0055.xml,medium-spread
./Annotations\0055.xml,dividing
./Annotations\0055.xml,dividing
./Annotations\0055.xml,dividing
./Annotations\0055.xml,small-polygonal
./Annotations\0055.xml,dividing
./Annotations\0055.xml,medium-polygonal
./Annotations\0055.xml,medium-polygonal
./Annotations\0055.xml,small-polygonal
./Annotations\0055.xml,medium-polygonal
./Annotations\0055.xml,medium-polygonal
./Annotations\0055.xml,small-polygonal
./Annotations\0055.xml,large-spread
./Annotations\0056.xml,small-polygonal
./Annotations\0056.xml,small-polygonal
./Annotations\0056.xml,medium-polygonal
./Annotations\0056.xml,small-polygonal
./Annotations\0056.xml,small-polygonal
./Annotations\0056.xml,small-polygonal
./Annotations\0056.xml,medium-spread
./Annotations\0056.xml,medium-spread
./Annotations\0056.xml,dividing
./Annotations\0056.xml,medium-spread
./Annotations\0056.xml,medium-spread
./Annotations\0056.xml,small-polygonal
./Annotations\0056.xml,medium-spread
./Annotations\0056.xml,medium-spread
./Annotations\0056.xml,medium-spread
./Annotations\0057.xml,dividing
./Annotations\0057.xml,dividing
./Annotations\0057.xml,dividing
./Annotations\0057.xml,medium-polygonal
./Annotations\0057.xml,small-polygonal
./Annotations\0057.xml,small-polygonal
./Annotations\0057.xml,medium-polygonal
./Annotations\0057.xml,dividing
./Annotations\0057.xml,dividing
./Annotations\0057.xml,small-round
./Annotations\0057.xml,large-polygonal
./Annotations\0057.xml,dividing
./Annotations\0057.xml,medium-spread
./Annotations\0057.xml,large-spread
./Annotations\0059.xml,dividing
./Annotations\0059.xml,medium-spread
./Annotations\0059.xml,small-polygonal
./Annotations\0059.xml,small-polygonal
./Annotations\0059.xml,large-spread
./Annotations\0059.xml,small-polygonal
./Annotations\0059.xml,small-polygonal
./Annotations\0059.xml,dividing
./Annotations\0059.xml,dividing
./Annotations\0059.xml,small-polygonal
./Annotations\0059.xml,medium-spread
./Annotations\0059.xml,medium-polygonal
./Annotations\0059.xml,medium-polygonal
./Annotations\0059.xml,small-spread
./Annotations\0059.xml,large-spread
./Annotations\0060.xml,small-polygonal
./Annotations\0060.xml,small-polygonal
./Annotations\0060.xml,small-polygonal
./Annotations\0060.xml,small-polygonal
./Annotations\0060.xml,small-polygonal
./Annotations\0060.xml,small-spread
./Annotations\0060.xml,small-spread
./Annotations\0060.xml,medium-spread
./Annotations\0060.xml,medium-spread
./Annotations\0060.xml,medium-spread
./Annotations\0060.xml,medium-spread
./Annotations\0060.xml,dividing
./Annotations\0060.xml,medium-spread
./Annotations\0060.xml,large-spread
./Annotations\0061.xml,small-polygonal
./Annotations\0061.xml,small-spread
./Annotations\0061.xml,medium-polygonal
./Annotations\0061.xml,dividing
./Annotations\0061.xml,dividing
./Annotations\0061.xml,medium-spread
./Annotations\0061.xml,dividing
./Annotations\0061.xml,small-polygonal
./Annotations\0061.xml,medium-spread
./Annotations\0061.xml,medium-spread
./Annotations\0062.xml,medium-spread
./Annotations\0062.xml,medium-polygonal
./Annotations\0062.xml,small-polygonal
./Annotations\0062.xml,medium-polygonal
./Annotations\0062.xml,dividing
./Annotations\0062.xml,small-polygonal
./Annotations\0062.xml,small-polygonal
./Annotations\0062.xml,medium-spread
./Annotations\0062.xml,medium-spread
./Annotations\0062.xml,medium-spread
./Annotations\0062.xml,dividing
./Annotations\0062.xml,medium-polygonal
./Annotations\0063.xml,medium-spread
./Annotations\0063.xml,medium-polygonal
./Annotations\0063.xml,medium-polygonal
./Annotations\0063.xml,small-polygonal
./Annotations\0063.xml,medium-spread
./Annotations\0063.xml,large-polygonal
./Annotations\0063.xml,medium-spread
./Annotations\0064.xml,small-round
./Annotations\0064.xml,small-round
./Annotations\0064.xml,small-spread
./Annotations\0064.xml,medium-spread
./Annotations\0064.xml,dividing
./Annotations\0065.xml,medium-polygonal
./Annotations\0065.xml,medium-polygonal
./Annotations\0065.xml,dividing
./Annotations\0065.xml,medium-polygonal
./Annotations\0065.xml,medium-polygonal
./Annotations\0065.xml,small-polygonal
./Annotations\0065.xml,small-spread
./Annotations\0066.xml,small-polygonal
./Annotations\0066.xml,medium-polygonal
./Annotations\0066.xml,small-polygonal
./Annotations\0066.xml,medium-polygonal
./Annotations\0066.xml,medium-polygonal
./Annotations\0066.xml,small-polygonal
./Annotations\0066.xml,medium-polygonal
./Annotations\0066.xml,small-polygonal
./Annotations\0066.xml,medium-spread
./Annotations\0067.xml,dividing
./Annotations\0067.xml,medium-spread
./Annotations\0067.xml,small-polygonal
./Annotations\0067.xml,small-polygonal
./Annotations\0067.xml,small-polygonal
./Annotations\0067.xml,medium-polygonal
./Annotations\0067.xml,medium-polygonal
./Annotations\0067.xml,small-spread
./Annotations\0067.xml,small-spread
./Annotations\0067.xml,small-round
./Annotations\0067.xml,medium-polygonal
./Annotations\0068.xml,dividing
./Annotations\0068.xml,medium-polygonal
./Annotations\0068.xml,medium-spread
./Annotations\0068.xml,small-polygonal
./Annotations\0068.xml,small-spread
./Annotations\0068.xml,medium-spread
./Annotations\0068.xml,small-polygonal
./Annotations\0068.xml,medium-spread
./Annotations\0068.xml,small-polygonal
./Annotations\0069.xml,medium-spread
./Annotations\0069.xml,medium-polygonal
./Annotations\0069.xml,small-polygonal
./Annotations\0069.xml,small-polygonal
./Annotations\0069.xml,small-polygonal
./Annotations\0069.xml,small-polygonal
./Annotations\0069.xml,small-polygonal
./Annotations\0069.xml,small-polygonal
./Annotations\0069.xml,small-polygonal
./Annotations\0069.xml,medium-polygonal
./Annotations\0069.xml,small-polygonal
./Annotations\0069.xml,small-spread
./Annotations\0069.xml,medium-spread
./Annotations\0069.xml,medium-spread
./Annotations\0069.xml,small-polygonal
./Annotations\0069.xml,medium-polygonal
./Annotations\0069.xml,medium-spread
./Annotations\0069.xml,medium-spread
./Annotations\0069.xml,medium-spread
./Annotations\0069.xml,medium-spread
./Annotations\0069.xml,medium-spread
./Annotations\0069.xml,medium-polygonal
./Annotations\0070.xml,medium-spread
./Annotations\0070.xml,medium-spread
./Annotations\0070.xml,medium-polygonal
./Annotations\0070.xml,medium-spread
./Annotations\0070.xml,medium-polygonal
./Annotations\0070.xml,dividing
./Annotations\0070.xml,small-polygonal
./Annotations\0070.xml,medium-spread
./Annotations\0070.xml,medium-polygonal
./Annotations\0070.xml,small-spread
./Annotations\0070.xml,small-polygonal
./Annotations\0070.xml,medium-polygonal
./Annotations\0070.xml,medium-polygonal
./Annotations\0070.xml,dividing
./Annotations\0070.xml,medium-spread
./Annotations\0070.xml,small-round
./Annotations\0070.xml,small-polygonal
./Annotations\0070.xml,dividing
./Annotations\0070.xml,medium-polygonal
./Annotations\0070.xml,dividing
./Annotations\0070.xml,dividing
./Annotations\0070.xml,small-spread
./Annotations\0071.xml,medium-polygonal
./Annotations\0071.xml,medium-spread
./Annotations\0071.xml,small-spread
./Annotations\0071.xml,dividing
./Annotations\0071.xml,small-polygonal
./Annotations\0071.xml,medium-polygonal
./Annotations\0071.xml,medium-polygonal
./Annotations\0071.xml,medium-spread
./Annotations\0071.xml,small-polygonal
./Annotations\0071.xml,dividing
./Annotations\0072.xml,medium-polygonal
./Annotations\0072.xml,medium-polygonal
./Annotations\0072.xml,medium-polygonal
./Annotations\0072.xml,small-polygonal
./Annotations\0072.xml,medium-polygonal
./Annotations\0072.xml,medium-spread
./Annotations\0072.xml,medium-polygonal
./Annotations\0072.xml,medium-spread
./Annotations\0072.xml,medium-spread
./Annotations\0072.xml,small-polygonal
./Annotations\0072.xml,medium-spread
./Annotations\0072.xml,medium-spread
./Annotations\0072.xml,medium-polygonal
./Annotations\0072.xml,medium-polygonal
./Annotations\0072.xml,small-spread
./Annotations\0073.xml,small-spread
./Annotations\0073.xml,small-polygonal
./Annotations\0073.xml,medium-spread
./Annotations\0073.xml,medium-spread
./Annotations\0073.xml,small-polygonal
./Annotations\0073.xml,small-polygonal
./Annotations\0073.xml,medium-polygonal
./Annotations\0073.xml,small-spread
./Annotations\0073.xml,medium-polygonal
./Annotations\0073.xml,medium-polygonal
./Annotations\0073.xml,medium-spread
./Annotations\0073.xml,medium-polygonal
./Annotations\0073.xml,small-spread
./Annotations\0074.xml,small-polygonal
./Annotations\0074.xml,medium-polygonal
./Annotations\0074.xml,medium-polygonal
./Annotations\0074.xml,medium-polygonal
./Annotations\0074.xml,medium-spread
./Annotations\0074.xml,medium-spread
./Annotations\0074.xml,medium-polygonal
./Annotations\0074.xml,medium-polygonal
./Annotations\0074.xml,small-polygonal
./Annotations\0074.xml,medium-polygonal
./Annotations\0074.xml,small-polygonal
./Annotations\0074.xml,small-polygonal
./Annotations\0074.xml,small-polygonal
./Annotations\0074.xml,small-polygonal
./Annotations\0075.xml,dividing
./Annotations\0075.xml,large-spread
./Annotations\0075.xml,small-polygonal
./Annotations\0075.xml,medium-spread
./Annotations\0075.xml,small-spread
./Annotations\0075.xml,small-round
./Annotations\0075.xml,small-round
./Annotations\0075.xml,medium-polygonal
./Annotations\0075.xml,medium-spread
./Annotations\0075.xml,dividing
./Annotations\0075.xml,medium-polygonal
./Annotations\0075.xml,medium-spread
./Annotations\0075.xml,medium-spread
./Annotations\0075.xml,dividing
./Annotations\0075.xml,medium-polygonal
./Annotations\0075.xml,dividing
./Annotations\0075.xml,small-spread
./Annotations\0075.xml,medium-spread
./Annotations\0075.xml,small-spread
./Annotations\0075.xml,dividing
./Annotations\0075.xml,medium-spread
./Annotations\0075.xml,medium-spread
./Annotations\0076.xml,medium-spread
./Annotations\0076.xml,medium-spread
./Annotations\0076.xml,medium-polygonal
./Annotations\0076.xml,medium-spread
./Annotations\0076.xml,medium-spread
./Annotations\0076.xml,medium-spread
./Annotations\0076.xml,medium-spread
./Annotations\0076.xml,dividing
./Annotations\0076.xml,small-polygonal
./Annotations\0076.xml,small-polygonal
./Annotations\0076.xml,small-polygonal
./Annotations\0076.xml,small-polygonal
./Annotations\0076.xml,small-polygonal
./Annotations\0076.xml,dividing
./Annotations\0076.xml,dividing
./Annotations\0076.xml,medium-polygonal
./Annotations\0076.xml,small-polygonal
./Annotations\0076.xml,small-polygonal
./Annotations\0077.xml,medium-spread
./Annotations\0077.xml,small-spread
./Annotations\0077.xml,small-polygonal
./Annotations\0077.xml,small-polygonal
./Annotations\0077.xml,small-spread
./Annotations\0077.xml,medium-spread
./Annotations\0077.xml,medium-polygonal
./Annotations\0077.xml,medium-spread
./Annotations\0077.xml,medium-spread
./Annotations\0077.xml,dividing
./Annotations\0077.xml,medium-spread
./Annotations\0077.xml,medium-spread
./Annotations\0077.xml,medium-polygonal
./Annotations\0077.xml,medium-spread
./Annotations\0077.xml,small-polygonal
./Annotations\0077.xml,medium-polygonal
./Annotations\0077.xml,medium-spread
./Annotations\0077.xml,medium-polygonal
./Annotations\0077.xml,small-spread
./Annotations\0078.xml,medium-polygonal
./Annotations\0078.xml,medium-polygonal
./Annotations\0078.xml,medium-spread
./Annotations\0078.xml,medium-spread
./Annotations\0078.xml,medium-spread
./Annotations\0078.xml,medium-polygonal
./Annotations\0078.xml,small-polygonal
./Annotations\0078.xml,dividing
./Annotations\0078.xml,dividing
./Annotations\0078.xml,dividing
./Annotations\0078.xml,medium-polygonal
./Annotations\0078.xml,medium-polygonal
./Annotations\0078.xml,medium-polygonal
./Annotations\0078.xml,medium-polygonal
./Annotations\0078.xml,small-spread
./Annotations\0078.xml,small-polygonal
./Annotations\0078.xml,small-polygonal
./Annotations\0078.xml,medium-spread
./Annotations\0079.xml,dividing
./Annotations\0079.xml,dividing
./Annotations\0079.xml,dividing
./Annotations\0079.xml,medium-spread
./Annotations\0079.xml,dividing
./Annotations\0079.xml,medium-polygonal
./Annotations\0079.xml,small-spread
./Annotations\0079.xml,small-polygonal
./Annotations\0079.xml,small-polygonal
./Annotations\0079.xml,medium-polygonal
./Annotations\0079.xml,medium-polygonal
./Annotations\0079.xml,medium-spread
./Annotations\0079.xml,medium-polygonal
./Annotations\0079.xml,medium-polygonal
./Annotations\0079.xml,dividing
./Annotations\0079.xml,dividing
./Annotations\0079.xml,dividing
./Annotations\0079.xml,dividing
./Annotations\0080.xml,medium-spread
./Annotations\0080.xml,medium-spread
./Annotations\0080.xml,small-polygonal
./Annotations\0080.xml,dividing
./Annotations\0080.xml,dividing
./Annotations\0080.xml,medium-polygonal
./Annotations\0080.xml,large-spread
./Annotations\0080.xml,medium-spread
./Annotations\0080.xml,dividing
./Annotations\0080.xml,dividing
./Annotations\0080.xml,medium-polygonal
./Annotations\0080.xml,dividing
./Annotations\0080.xml,large-spread
./Annotations\0080.xml,medium-polygonal
./Annotations\0080.xml,medium-polygonal
./Annotations\0081.xml,small-spread
./Annotations\0081.xml,medium-spread
./Annotations\0081.xml,medium-polygonal
./Annotations\0081.xml,medium-polygonal
./Annotations\0081.xml,medium-polygonal
./Annotations\0081.xml,medium-polygonal
./Annotations\0081.xml,small-polygonal
./Annotations\0081.xml,medium-polygonal
./Annotations\0081.xml,medium-polygonal
./Annotations\0081.xml,medium-spread
./Annotations\0081.xml,dividing
./Annotations\0081.xml,medium-polygonal
./Annotations\0081.xml,medium-polygonal
./Annotations\0081.xml,dividing
./Annotations\0081.xml,dividing
./Annotations\0081.xml,medium-polygonal
./Annotations\0081.xml,medium-polygonal
./Annotations\0081.xml,dividing
./Annotations\0081.xml,dividing
./Annotations\0081.xml,medium-spread
./Annotations\0082.xml,large-spread
./Annotations\0082.xml,medium-spread
./Annotations\0082.xml,medium-spread
./Annotations\0082.xml,medium-polygonal
./Annotations\0082.xml,medium-polygonal
./Annotations\0082.xml,dividing
./Annotations\0082.xml,dividing
./Annotations\0082.xml,dividing
./Annotations\0082.xml,dividing
./Annotations\0083.xml,dividing
./Annotations\0083.xml,dividing
./Annotations\0083.xml,medium-polygonal
./Annotations\0083.xml,dividing
./Annotations\0083.xml,small-polygonal
./Annotations\0083.xml,medium-spread
./Annotations\0083.xml,small-spread
./Annotations\0083.xml,medium-spread
./Annotations\0083.xml,small-spread
./Annotations\0083.xml,medium-polygonal
./Annotations\0083.xml,medium-polygonal
./Annotations\0083.xml,medium-polygonal
./Annotations\0083.xml,small-polygonal
./Annotations\0083.xml,medium-spread
./Annotations\0083.xml,large-spread
./Annotations\0083.xml,dividing
./Annotations\0083.xml,dividing
./Annotations\0083.xml,medium-spread
./Annotations\0084.xml,medium-polygonal
./Annotations\0084.xml,medium-polygonal
./Annotations\0084.xml,small-spread
./Annotations\0084.xml,medium-spread
./Annotations\0084.xml,medium-spread
./Annotations\0084.xml,small-spread
./Annotations\0084.xml,small-polygonal
./Annotations\0084.xml,small-polygonal
./Annotations\0084.xml,small-polygonal
./Annotations\0084.xml,small-polygonal
./Annotations\0084.xml,dividing
./Annotations\0084.xml,dividing
./Annotations\0084.xml,medium-spread
./Annotations\0084.xml,small-polygonal
./Annotations\0086.xml,medium-polygonal
./Annotations\0086.xml,medium-spread
./Annotations\0086.xml,medium-spread
./Annotations\0086.xml,medium-polygonal
./Annotations\0086.xml,medium-spread
./Annotations\0086.xml,medium-spread
./Annotations\0086.xml,medium-spread
./Annotations\0087.xml,dividing
./Annotations\0087.xml,medium-spread
./Annotations\0087.xml,medium-spread
./Annotations\0087.xml,medium-spread
./Annotations\0087.xml,medium-spread
./Annotations\0087.xml,medium-spread
./Annotations\0087.xml,small-polygonal
./Annotations\0087.xml,small-spread
./Annotations\0089.xml,medium-spread
./Annotations\0089.xml,medium-spread
./Annotations\0089.xml,dividing
./Annotations\0089.xml,medium-spread
./Annotations\0089.xml,small-polygonal
./Annotations\0089.xml,dividing
./Annotations\0089.xml,small-polygonal
./Annotations\0089.xml,medium-spread
./Annotations\0089.xml,dividing
./Annotations\0089.xml,medium-spread
./Annotations\0089.xml,medium-spread
./Annotations\0089.xml,small-spread
./Annotations\0090.xml,dividing
./Annotations\0090.xml,small-polygonal
./Annotations\0090.xml,medium-polygonal
./Annotations\0090.xml,small-polygonal
./Annotations\0090.xml,medium-polygonal
./Annotations\0090.xml,medium-spread
./Annotations\0090.xml,small-polygonal
./Annotations\0090.xml,small-polygonal
./Annotations\0090.xml,small-spread
./Annotations\0090.xml,medium-spread
./Annotations\0090.xml,medium-polygonal
./Annotations\0090.xml,medium-polygonal
./Annotations\0090.xml,small-polygonal
./Annotations\0090.xml,small-spread
./Annotations\0090.xml,dividing
./Annotations\0090.xml,dividing
./Annotations\0090.xml,medium-polygonal
./Annotations\0090.xml,medium-spread
./Annotations\0090.xml,small-spread
./Annotations\0091.xml,dividing
./Annotations\0091.xml,dividing
./Annotations\0091.xml,medium-polygonal
./Annotations\0091.xml,medium-spread
./Annotations\0091.xml,dividing
./Annotations\0091.xml,small-spread
./Annotations\0092.xml,dividing
./Annotations\0092.xml,medium-spread
./Annotations\0092.xml,dividing
./Annotations\0092.xml,small-polygonal
./Annotations\0092.xml,medium-spread
./Annotations\0092.xml,medium-spread
./Annotations\0092.xml,medium-polygonal
./Annotations\0092.xml,dividing
./Annotations\0092.xml,medium-spread
./Annotations\0092.xml,dividing
./Annotations\0093.xml,small-polygonal
./Annotations\0093.xml,small-spread
./Annotations\0093.xml,medium-polygonal
./Annotations\0093.xml,medium-spread
./Annotations\0093.xml,dividing
./Annotations\0093.xml,dividing
./Annotations\0093.xml,small-polygonal
./Annotations\0093.xml,medium-polygonal
./Annotations\0093.xml,medium-spread
./Annotations\0093.xml,medium-polygonal
./Annotations\0093.xml,medium-polygonal
./Annotations\0093.xml,medium-spread
./Annotations\0093.xml,medium-polygonal
./Annotations\0093.xml,medium-polygonal
./Annotations\0093.xml,dividing
./Annotations\0094.xml,small-polygonal
./Annotations\0094.xml,small-polygonal
./Annotations\0094.xml,medium-polygonal
./Annotations\0094.xml,medium-polygonal
./Annotations\0094.xml,medium-polygonal
./Annotations\0094.xml,small-spread
./Annotations\0094.xml,medium-polygonal
./Annotations\0094.xml,dividing
./Annotations\0094.xml,small-spread
./Annotations\0095.xml,medium-spread
./Annotations\0095.xml,small-polygonal
./Annotations\0095.xml,medium-spread
./Annotations\0095.xml,medium-spread
./Annotations\0095.xml,small-polygonal
./Annotations\0096.xml,medium-polygonal
./Annotations\0096.xml,small-spread
./Annotations\0096.xml,small-spread
./Annotations\0096.xml,dividing
./Annotations\0096.xml,medium-spread
./Annotations\0096.xml,dividing
./Annotations\0096.xml,small-polygonal
./Annotations\0096.xml,small-polygonal
./Annotations\0096.xml,small-polygonal
./Annotations\0096.xml,small-polygonal
./Annotations\0096.xml,medium-spread
./Annotations\0096.xml,medium-spread
./Annotations\0096.xml,medium-spread
./Annotations\0096.xml,medium-spread
./Annotations\0096.xml,dividing
./Annotations\0096.xml,medium-polygonal
./Annotations\0096.xml,small-polygonal
./Annotations\0097.xml,medium-spread
./Annotations\0097.xml,medium-polygonal
./Annotations\0097.xml,medium-polygonal
./Annotations\0097.xml,small-spread
./Annotations\0098.xml,dividing
./Annotations\0098.xml,small-polygonal
./Annotations\0098.xml,small-polygonal
./Annotations\0098.xml,small-polygonal
./Annotations\0098.xml,small-polygonal
./Annotations\0098.xml,medium-spread
./Annotations\0098.xml,small-polygonal
./Annotations\0098.xml,spindle
./Annotations\0098.xml,small-spread
./Annotations\0098.xml,small-spread
./Annotations\0099.xml,small-polygonal
./Annotations\0099.xml,small-polygonal
./Annotations\0099.xml,small-spread
./Annotations\0099.xml,small-polygonal
./Annotations\0099.xml,medium-polygonal
./Annotations\0099.xml,dividing
./Annotations\0099.xml,medium-spread
./Annotations\0099.xml,medium-spread
./Annotations\0099.xml,small-polygonal
./Annotations\0099.xml,medium-spread
./Annotations\0099.xml,medium-spread
./Annotations\0099.xml,medium-polygonal
./Annotations\0099.xml,dividing
./Annotations\0099.xml,dividing
./Annotations\0099.xml,medium-polygonal
./Annotations\0100.xml,small-spread
./Annotations\0100.xml,small-spread
./Annotations\0100.xml,medium-spread
./Annotations\0100.xml,medium-spread
./Annotations\0100.xml,dividing
./Annotations\0100.xml,medium-polygonal
./Annotations\0101.xml,dividing
./Annotations\0101.xml,medium-polygonal
./Annotations\0101.xml,medium-polygonal
./Annotations\0101.xml,medium-polygonal
./Annotations\0101.xml,medium-polygonal
./Annotations\0101.xml,medium-polygonal
./Annotations\0101.xml,medium-spread
./Annotations\0101.xml,medium-polygonal
./Annotations\0101.xml,medium-spread
./Annotations\0103.xml,small-polygonal
./Annotations\0103.xml,small-polygonal
./Annotations\0103.xml,small-polygonal
./Annotations\0103.xml,small-spread
./Annotations\0103.xml,small-polygonal
./Annotations\0103.xml,medium-polygonal
./Annotations\0103.xml,medium-polygonal
./Annotations\0103.xml,medium-spread
./Annotations\0103.xml,medium-spread
./Annotations\0103.xml,dividing
./Annotations\0103.xml,medium-spread
./Annotations\0104.xml,medium-polygonal
./Annotations\0104.xml,medium-spread
./Annotations\0104.xml,small-spread
./Annotations\0104.xml,medium-polygonal
./Annotations\0104.xml,medium-polygonal
./Annotations\0104.xml,medium-polygonal
./Annotations\0104.xml,medium-spread
./Annotations\0104.xml,spindle
./Annotations\0104.xml,medium-spread
./Annotations\0105.xml,medium-polygonal
./Annotations\0105.xml,medium-polygonal
./Annotations\0105.xml,medium-polygonal
./Annotations\0105.xml,medium-spread
./Annotations\0105.xml,small-polygonal
./Annotations\0105.xml,small-spread
./Annotations\0105.xml,medium-spread
./Annotations\0105.xml,spindle
./Annotations\0105.xml,dividing
./Annotations\0105.xml,dividing
./Annotations\0105.xml,medium-polygonal
./Annotations\0105.xml,medium-polygonal
./Annotations\0105.xml,dividing
./Annotations\0105.xml,medium-polygonal
./Annotations\0105.xml,medium-spread
./Annotations\0105.xml,small-polygonal
./Annotations\0105.xml,medium-polygonal
./Annotations\0105.xml,medium-polygonal
./Annotations\0105.xml,dividing
./Annotations\0106.xml,medium-polygonal
./Annotations\0106.xml,medium-polygonal
./Annotations\0106.xml,medium-polygonal
./Annotations\0106.xml,small-polygonal
./Annotations\0106.xml,medium-spread
./Annotations\0106.xml,medium-polygonal
./Annotations\0106.xml,medium-polygonal
./Annotations\0106.xml,medium-polygonal
./Annotations\0106.xml,small-polygonal
./Annotations\0106.xml,small-polygonal
./Annotations\0106.xml,medium-spread
./Annotations\0106.xml,medium-spread
./Annotations\0107.xml,small-spread
./Annotations\0107.xml,medium-spread
./Annotations\0107.xml,small-spread
./Annotations\0107.xml,large-spread
./Annotations\0107.xml,medium-polygonal
./Annotations\0107.xml,medium-polygonal
./Annotations\0108.xml,medium-spread
./Annotations\0108.xml,dividing
./Annotations\0108.xml,medium-spread
./Annotations\0108.xml,medium-spread
./Annotations\0108.xml,medium-spread
./Annotations\0108.xml,medium-spread
./Annotations\0108.xml,medium-spread
./Annotations\0108.xml,medium-polygonal
./Annotations\0108.xml,medium-polygonal
./Annotations\0108.xml,small-spread
./Annotations\0108.xml,large-spread
./Annotations\0108.xml,medium-polygonal
./Annotations\0108.xml,dividing
./Annotations\0108.xml,medium-polygonal
./Annotations\0108.xml,medium-spread
./Annotations\0109.xml,medium-spread
./Annotations\0109.xml,medium-polygonal
./Annotations\0111.xml,small-spread
./Annotations\0111.xml,medium-polygonal
./Annotations\0111.xml,medium-spread
./Annotations\0111.xml,medium-polygonal
./Annotations\0111.xml,medium-spread
./Annotations\0111.xml,medium-spread
./Annotations\0111.xml,medium-spread
./Annotations\0111.xml,small-spread
./Annotations\0111.xml,large-spread
./Annotations\0111.xml,dividing
./Annotations\0111.xml,medium-spread
./Annotations\0112.xml,medium-spread
./Annotations\0112.xml,small-spread
./Annotations\0112.xml,small-spread
./Annotations\0113.xml,small-spread
./Annotations\0113.xml,medium-spread
./Annotations\0114.xml,medium-spread
./Annotations\0114.xml,medium-polygonal
./Annotations\0114.xml,medium-spread
./Annotations\0114.xml,medium-spread
./Annotations\0114.xml,small-polygonal
./Annotations\0114.xml,medium-spread
./Annotations\0114.xml,medium-spread
./Annotations\0114.xml,small-polygonal
./Annotations\0114.xml,small-spread
./Annotations\0114.xml,medium-spread
./Annotations\0115.xml,medium-spread
./Annotations\0117.xml,large-spread
./Annotations\0117.xml,large-spread
./Annotations\0117.xml,medium-polygonal
./Annotations\0117.xml,medium-spread
./Annotations\0117.xml,medium-spread
./Annotations\0117.xml,large-spread
./Annotations\0117.xml,medium-spread
./Annotations\0118.xml,medium-spread
./Annotations\0118.xml,medium-spread
./Annotations\0118.xml,medium-spread
./Annotations\0119.xml,medium-polygonal
./Annotations\0119.xml,medium-spread
./Annotations\0119.xml,medium-spread
./Annotations\0119.xml,medium-spread
./Annotations\0120.xml,medium-spread
./Annotations\0120.xml,medium-spread
./Annotations\0120.xml,medium-spread
./Annotations\0120.xml,medium-spread
./Annotations\0120.xml,dividing
./Annotations\0121.xml,small-spread
./Annotations\0122.xml,medium-spread
./Annotations\0122.xml,medium-spread
./Annotations\0122.xml,medium-spread
./Annotations\0122.xml,medium-spread
./Annotations\0122.xml,medium-spread
./Annotations\0123.xml,medium-spread
./Annotations\0124.xml,medium-polygonal
./Annotations\0124.xml,medium-polygonal
./Annotations\0125.xml,medium-spread
./Annotations\0125.xml,medium-spread
./Annotations\0125.xml,medium-polygonal
./Annotations\0125.xml,medium-spread
./Annotations\0125.xml,large-spread
./Annotations\0125.xml,medium-spread
./Annotations\0125.xml,medium-spread
./Annotations\0125.xml,medium-spread
./Annotations\0125.xml,medium-polygonal
./Annotations\0125.xml,medium-spread
./Annotations\0125.xml,medium-spread
./Annotations\0125.xml,medium-spread
./Annotations\0125.xml,small-polygonal
./Annotations\0125.xml,medium-polygonal
./Annotations\0125.xml,medium-spread
./Annotations\0125.xml,large-spread
./Annotations\0125.xml,large-spread
./Annotations\0125.xml,medium-spread
./Annotations\0126.xml,medium-spread
./Annotations\0126.xml,medium-spread
./Annotations\0126.xml,medium-spread
./Annotations\0126.xml,large-spread
./Annotations\0126.xml,medium-polygonal
./Annotations\0127.xml,medium-spread
./Annotations\0127.xml,medium-spread
./Annotations\0127.xml,small-spread
./Annotations\0128.xml,dividing
./Annotations\0128.xml,small-polygonal
./Annotations\0128.xml,small-spread
./Annotations\0128.xml,medium-spread
./Annotations\0128.xml,small-spread
./Annotations\0129.xml,dividing
./Annotations\0129.xml,small-polygonal
./Annotations\0129.xml,medium-spread
./Annotations\0129.xml,large-spread
./Annotations\0129.xml,medium-spread
./Annotations\0129.xml,small-polygonal
./Annotations\0129.xml,small-spread
./Annotations\0129.xml,small-spread
./Annotations\0130.xml,medium-spread
./Annotations\0130.xml,small-spread
./Annotations\0130.xml,medium-spread
./Annotations\0130.xml,medium-spread
./Annotations\0130.xml,medium-spread
./Annotations\0130.xml,medium-spread
./Annotations\0130.xml,medium-spread
./Annotations\0130.xml,dividing
./Annotations\0130.xml,spindle
./Annotations\0131.xml,medium-spread
./Annotations\0131.xml,medium-polygonal
./Annotations\0131.xml,medium-spread
./Annotations\0131.xml,medium-polygonal
./Annotations\0131.xml,medium-polygonal
./Annotations\0131.xml,small-spread
./Annotations\0132.xml,small-spread
./Annotations\0132.xml,medium-spread
./Annotations\0132.xml,medium-spread
./Annotations\0132.xml,medium-spread
./Annotations\0132.xml,dividing
./Annotations\0132.xml,small-spread
./Annotations\0132.xml,medium-polygonal
./Annotations\0132.xml,small-spread
./Annotations\0132.xml,medium-spread
./Annotations\0132.xml,medium-polygonal
./Annotations\0132.xml,medium-spread
./Annotations\0133.xml,medium-spread
./Annotations\0133.xml,medium-spread
./Annotations\0133.xml,medium-spread
./Annotations\0133.xml,medium-spread
./Annotations\0133.xml,medium-spread
./Annotations\0133.xml,medium-spread
./Annotations\0133.xml,medium-spread
./Annotations\0133.xml,medium-polygonal
./Annotations\0133.xml,dividing
./Annotations\0133.xml,small-round
./Annotations\0134.xml,small-polygonal
./Annotations\0134.xml,small-polygonal
./Annotations\0134.xml,medium-spread
./Annotations\0134.xml,dividing
./Annotations\0134.xml,medium-spread
./Annotations\0134.xml,medium-spread
./Annotations\0134.xml,medium-spread
./Annotations\0134.xml,dividing
./Annotations\0134.xml,medium-polygonal
./Annotations\0134.xml,dividing
./Annotations\0135.xml,spindle
./Annotations\0135.xml,dividing
./Annotations\0135.xml,medium-polygonal
./Annotations\0135.xml,small-polygonal
./Annotations\0135.xml,medium-spread
./Annotations\0135.xml,medium-spread
./Annotations\0135.xml,medium-spread
./Annotations\0136.xml,small-polygonal
./Annotations\0136.xml,small-spread
./Annotations\0136.xml,medium-spread
./Annotations\0136.xml,medium-spread
./Annotations\0136.xml,medium-spread
./Annotations\0136.xml,medium-polygonal
./Annotations\0137.xml,small-polygonal
./Annotations\0137.xml,small-spread
./Annotations\0137.xml,small-polygonal
./Annotations\0137.xml,dividing
./Annotations\0137.xml,dividing
./Annotations\0137.xml,small-spread
./Annotations\0137.xml,medium-spread
./Annotations\0137.xml,small-spread
./Annotations\0137.xml,small-polygonal
./Annotations\0137.xml,small-spread
./Annotations\0137.xml,small-polygonal
./Annotations\0137.xml,medium-polygonal
./Annotations\0137.xml,medium-spread
./Annotations\0137.xml,medium-spread
./Annotations\0138.xml,medium-polygonal
./Annotations\0138.xml,small-polygonal
./Annotations\0138.xml,medium-polygonal
./Annotations\0138.xml,spindle
./Annotations\0138.xml,medium-polygonal
./Annotations\0138.xml,medium-spread
./Annotations\0138.xml,medium-spread
./Annotations\0138.xml,medium-spread
./Annotations\0138.xml,dividing
./Annotations\0138.xml,medium-polygonal
./Annotations\0139.xml,small-spread
./Annotations\0139.xml,medium-spread
./Annotations\0139.xml,small-spread
./Annotations\0139.xml,large-spread
./Annotations\0139.xml,medium-polygonal
./Annotations\0140.xml,medium-spread
./Annotations\0140.xml,medium-polygonal
./Annotations\0140.xml,medium-spread
./Annotations\0140.xml,dividing
./Annotations\0141.xml,small-spread
./Annotations\0141.xml,medium-spread
./Annotations\0141.xml,small-polygonal
./Annotations\0141.xml,small-spread
./Annotations\0141.xml,small-polygonal
./Annotations\0141.xml,medium-spread
./Annotations\0141.xml,small-polygonal
./Annotations\0143.xml,medium-polygonal
./Annotations\0143.xml,medium-polygonal
./Annotations\0143.xml,medium-spread
./Annotations\0143.xml,medium-spread
./Annotations\0143.xml,medium-spread
./Annotations\0144.xml,medium-spread
./Annotations\0144.xml,medium-spread
./Annotations\0144.xml,medium-spread
./Annotations\0144.xml,small-spread
./Annotations\0144.xml,medium-spread
./Annotations\0144.xml,medium-spread
./Annotations\0144.xml,medium-spread
./Annotations\0144.xml,medium-spread
./Annotations\0144.xml,medium-polygonal
./Annotations\0144.xml,medium-spread
./Annotations\0144.xml,dividing
./Annotations\0144.xml,dividing
./Annotations\0145.xml,medium-spread
./Annotations\0145.xml,small-polygonal
./Annotations\0145.xml,medium-spread
./Annotations\0145.xml,medium-spread
./Annotations\0145.xml,medium-spread
./Annotations\0145.xml,medium-polygonal
./Annotations\0146.xml,medium-spread
./Annotations\0146.xml,medium-spread
./Annotations\0146.xml,medium-polygonal
./Annotations\0146.xml,medium-spread
./Annotations\0146.xml,large-spread
./Annotations\0146.xml,medium-spread
./Annotations\0146.xml,small-spread
./Annotations\0146.xml,medium-spread
./Annotations\0147.xml,dividing
./Annotations\0147.xml,medium-spread
./Annotations\0147.xml,large-spread
./Annotations\0147.xml,medium-spread
./Annotations\0147.xml,medium-polygonal
./Annotations\0147.xml,medium-spread
./Annotations\0147.xml,medium-spread
./Annotations\0147.xml,small-polygonal
./Annotations\0147.xml,medium-spread
./Annotations\0147.xml,medium-spread
./Annotations\0148.xml,medium-spread
./Annotations\0148.xml,medium-spread
./Annotations\0148.xml,medium-spread
./Annotations\0148.xml,medium-polygonal
./Annotations\0148.xml,medium-spread
./Annotations\0148.xml,medium-polygonal
./Annotations\0149.xml,medium-spread
./Annotations\0149.xml,medium-polygonal
./Annotations\0149.xml,medium-spread
./Annotations\0149.xml,medium-spread
./Annotations\0149.xml,small-spread
./Annotations\0149.xml,medium-polygonal
./Annotations\0150.xml,small-polygonal
./Annotations\0150.xml,small-spread
./Annotations\0150.xml,medium-spread
./Annotations\0150.xml,small-polygonal
./Annotations\0150.xml,large-spread
./Annotations\0150.xml,small-polygonal
./Annotations\0150.xml,medium-spread
./Annotations\0151.xml,medium-spread
./Annotations\0151.xml,medium-spread
./Annotations\0151.xml,medium-polygonal
./Annotations\0151.xml,small-round
./Annotations\0151.xml,medium-polygonal
./Annotations\0151.xml,medium-spread
./Annotations\0151.xml,medium-spread
./Annotations\0151.xml,small-spread
./Annotations\0151.xml,small-round
./Annotations\0152.xml,small-spread
./Annotations\0152.xml,small-spread
./Annotations\0152.xml,medium-spread
./Annotations\0152.xml,medium-spread
./Annotations\0152.xml,medium-spread
./Annotations\0152.xml,medium-spread
./Annotations\0152.xml,small-spread
./Annotations\0152.xml,medium-spread
./Annotations\0155.xml,medium-spread
./Annotations\0155.xml,medium-spread
./Annotations\0155.xml,medium-polygonal
./Annotations\0155.xml,medium-spread
./Annotations\0155.xml,medium-spread
./Annotations\0156.xml,medium-spread
./Annotations\0156.xml,medium-spread
./Annotations\0156.xml,medium-spread
./Annotations\0156.xml,medium-spread
./Annotations\0156.xml,medium-spread
./Annotations\0156.xml,medium-spread
./Annotations\0156.xml,medium-spread
./Annotations\0156.xml,small-spread
./Annotations\0156.xml,medium-spread
./Annotations\0156.xml,medium-spread
./Annotations\0157.xml,medium-spread
./Annotations\0157.xml,medium-spread
./Annotations\0157.xml,small-spread
./Annotations\0157.xml,medium-spread
./Annotations\0157.xml,medium-spread
./Annotations\0157.xml,medium-polygonal
./Annotations\0157.xml,medium-spread
./Annotations\0157.xml,medium-spread
./Annotations\0158.xml,medium-spread
./Annotations\0158.xml,medium-spread
./Annotations\0158.xml,medium-spread
./Annotations\0158.xml,medium-spread
./Annotations\0158.xml,medium-spread
./Annotations\0158.xml,small-polygonal
./Annotations\0158.xml,small-spread
./Annotations\0158.xml,medium-polygonal
./Annotations\0158.xml,large-spread
./Annotations\0159.xml,medium-spread
./Annotations\0159.xml,medium-spread
./Annotations\0159.xml,dividing
./Annotations\0159.xml,medium-spread
./Annotations\0159.xml,small-spread
./Annotations\0159.xml,small-spread
./Annotations\0159.xml,large-polygonal
./Annotations\0160.xml,medium-polygonal
./Annotations\0160.xml,large-polygonal
./Annotations\0160.xml,medium-spread
./Annotations\0160.xml,medium-spread
./Annotations\0160.xml,medium-polygonal
./Annotations\0160.xml,small-spread
./Annotations\0160.xml,medium-spread
./Annotations\0160.xml,medium-polygonal
./Annotations\0160.xml,medium-spread
./Annotations\0161.xml,medium-polygonal
./Annotations\0161.xml,medium-polygonal
./Annotations\0161.xml,medium-polygonal
./Annotations\0161.xml,medium-spread
./Annotations\0161.xml,medium-spread
./Annotations\0162.xml,dividing
./Annotations\0162.xml,dividing
./Annotations\0162.xml,medium-polygonal
./Annotations\0162.xml,medium-spread
./Annotations\0162.xml,medium-polygonal
./Annotations\0162.xml,medium-spread
./Annotations\0162.xml,medium-spread
./Annotations\0162.xml,medium-spread
./Annotations\0162.xml,large-spread
./Annotations\0162.xml,medium-spread
./Annotations\0162.xml,medium-polygonal
./Annotations\0163.xml,medium-spread
./Annotations\0163.xml,dividing
./Annotations\0163.xml,dividing
./Annotations\0163.xml,dividing
./Annotations\0163.xml,small-spread
./Annotations\0163.xml,medium-spread
./Annotations\0163.xml,medium-polygonal
./Annotations\0163.xml,small-polygonal
./Annotations\0164.xml,medium-polygonal
./Annotations\0164.xml,medium-polygonal
./Annotations\0164.xml,small-spread
./Annotations\0164.xml,medium-spread
./Annotations\0164.xml,medium-spread
./Annotations\0164.xml,medium-polygonal
./Annotations\0165.xml,dividing
./Annotations\0165.xml,dividing
./Annotations\0165.xml,medium-spread
./Annotations\0165.xml,medium-spread
./Annotations\0165.xml,medium-spread
./Annotations\0165.xml,large-spread
./Annotations\0165.xml,large-spread
./Annotations\0165.xml,medium-polygonal
./Annotations\0165.xml,large-spread
./Annotations\0166.xml,medium-polygonal
./Annotations\0166.xml,small-polygonal
./Annotations\0166.xml,large-polygonal
./Annotations\0166.xml,dividing
./Annotations\0166.xml,medium-spread
./Annotations\0166.xml,dividing
./Annotations\0168.xml,medium-spread
./Annotations\0168.xml,medium-spread
./Annotations\0168.xml,medium-spread
./Annotations\0168.xml,medium-spread
./Annotations\0168.xml,large-spread
./Annotations\0168.xml,medium-polygonal
./Annotations\0168.xml,medium-spread
./Annotations\0169.xml,medium-spread
./Annotations\0169.xml,medium-spread
./Annotations\0169.xml,medium-spread
./Annotations\0169.xml,medium-spread
./Annotations\0169.xml,medium-spread
./Annotations\0169.xml,medium-polygonal
./Annotations\0169.xml,dividing
./Annotations\0169.xml,large-spread
./Annotations\0169.xml,medium-spread
./Annotations\0170.xml,large-spread
./Annotations\0170.xml,dividing
./Annotations\0170.xml,medium-spread
./Annotations\0170.xml,medium-spread
./Annotations\0170.xml,medium-spread
./Annotations\0170.xml,large-spread
./Annotations\0170.xml,large-spread
./Annotations\0171.xml,medium-spread
./Annotations\0171.xml,medium-spread
./Annotations\0171.xml,dividing
./Annotations\0171.xml,medium-spread
./Annotations\0172.xml,small-spread
./Annotations\0172.xml,small-spread
./Annotations\0172.xml,medium-spread
./Annotations\0172.xml,medium-spread
./Annotations\0172.xml,medium-spread
./Annotations\0172.xml,medium-spread
./Annotations\0172.xml,large-polygonal
./Annotations\0172.xml,small-spread
./Annotations\0173.xml,medium-spread
./Annotations\0173.xml,small-spread
./Annotations\0173.xml,medium-spread
./Annotations\0173.xml,medium-spread
./Annotations\0173.xml,medium-spread
./Annotations\0173.xml,medium-polygonal
./Annotations\0173.xml,medium-polygonal
./Annotations\0173.xml,medium-spread
./Annotations\0174.xml,medium-polygonal
./Annotations\0174.xml,medium-spread
./Annotations\0174.xml,medium-spread
./Annotations\0175.xml,medium-spread
./Annotations\0175.xml,medium-spread
./Annotations\0175.xml,small-spread
./Annotations\0178.xml,medium-spread
./Annotations\0178.xml,medium-spread
./Annotations\0178.xml,medium-spread
./Annotations\0178.xml,medium-spread
./Annotations\0178.xml,medium-spread
./Annotations\0178.xml,medium-spread
./Annotations\0178.xml,small-spread
./Annotations\0178.xml,small-round
./Annotations\0178.xml,small-round
./Annotations\0179.xml,medium-polygonal
./Annotations\0179.xml,medium-polygonal
./Annotations\0179.xml,medium-polygonal
./Annotations\0179.xml,small-polygonal
./Annotations\0179.xml,medium-polygonal
./Annotations\0179.xml,medium-spread
./Annotations\0179.xml,medium-spread
./Annotations\0179.xml,large-spread
./Annotations\0180.xml,small-round
./Annotations\0180.xml,medium-spread
./Annotations\0180.xml,medium-spread
./Annotations\0180.xml,medium-spread
./Annotations\0180.xml,medium-spread
./Annotations\0181.xml,medium-spread
./Annotations\0181.xml,medium-spread
./Annotations\0181.xml,medium-polygonal
./Annotations\0181.xml,medium-spread
./Annotations\0181.xml,medium-spread
./Annotations\0181.xml,small-spread
./Annotations\0181.xml,small-spread
./Annotations\0181.xml,medium-spread
./Annotations\0181.xml,medium-spread
./Annotations\0181.xml,medium-spread
./Annotations\0181.xml,medium-spread
./Annotations\0181.xml,medium-spread
./Annotations\0182.xml,medium-spread
./Annotations\0182.xml,medium-spread
./Annotations\0182.xml,small-spread
./Annotations\0183.xml,medium-spread
./Annotations\0183.xml,medium-spread
./Annotations\0183.xml,medium-spread
./Annotations\0183.xml,medium-polygonal
./Annotations\0183.xml,medium-polygonal
./Annotations\0183.xml,medium-polygonal
./Annotations\0183.xml,medium-spread
./Annotations\0183.xml,large-spread
./Annotations\0183.xml,large-spread
./Annotations\0183.xml,medium-polygonal
./Annotations\0183.xml,medium-spread
./Annotations\0183.xml,medium-spread
./Annotations\0183.xml,medium-spread
./Annotations\0184.xml,medium-polygonal
./Annotations\0184.xml,medium-polygonal
./Annotations\0184.xml,medium-polygonal
./Annotations\0184.xml,medium-polygonal
./Annotations\0184.xml,medium-polygonal
./Annotations\0184.xml,medium-spread
./Annotations\0184.xml,medium-spread
./Annotations\0186.xml,dividing
./Annotations\0186.xml,medium-polygonal
./Annotations\0186.xml,medium-polygonal
./Annotations\0186.xml,medium-spread
./Annotations\0186.xml,medium-polygonal
./Annotations\0186.xml,medium-spread
./Annotations\0186.xml,medium-spread
./Annotations\0186.xml,medium-spread
./Annotations\0186.xml,medium-spread
./Annotations\0186.xml,medium-spread
./Annotations\0187.xml,dividing
./Annotations\0187.xml,medium-spread
./Annotations\0187.xml,large-spread
./Annotations\0187.xml,medium-spread
./Annotations\0187.xml,medium-polygonal
./Annotations\0187.xml,large-spread
./Annotations\0187.xml,medium-polygonal
./Annotations\0188.xml,medium-spread
./Annotations\0188.xml,medium-spread
./Annotations\0188.xml,spindle
./Annotations\0188.xml,medium-polygonal
./Annotations\0188.xml,medium-spread
./Annotations\0188.xml,small-spread
./Annotations\0188.xml,large-spread
./Annotations\0190.xml,medium-spread
./Annotations\0190.xml,small-spread
./Annotations\0190.xml,medium-spread
./Annotations\0190.xml,medium-spread
./Annotations\0190.xml,large-spread
./Annotations\0190.xml,dividing
./Annotations\0190.xml,small-polygonal
./Annotations\0190.xml,dividing
./Annotations\0191.xml,medium-polygonal
./Annotations\0191.xml,medium-spread
./Annotations\0191.xml,medium-polygonal
./Annotations\0191.xml,dividing
./Annotations\0191.xml,medium-spread
./Annotations\0191.xml,small-spread
./Annotations\0191.xml,medium-spread
./Annotations\0192.xml,small-spread
./Annotations\0192.xml,medium-spread
./Annotations\0192.xml,medium-spread
./Annotations\0192.xml,medium-spread
./Annotations\0192.xml,large-spread
./Annotations\0192.xml,medium-spread
./Annotations\0192.xml,medium-spread
./Annotations\0192.xml,dividing
./Annotations\0192.xml,medium-spread
./Annotations\0192.xml,small-polygonal
./Annotations\0192.xml,small-spread
./Annotations\0192.xml,medium-spread
./Annotations\0193.xml,small-polygonal
./Annotations\0193.xml,small-polygonal
./Annotations\0194.xml,small-spread
./Annotations\0194.xml,medium-spread
./Annotations\0194.xml,small-spread
./Annotations\0194.xml,medium-spread
./Annotations\0195.xml,dividing
./Annotations\0195.xml,large-spread
./Annotations\0195.xml,medium-polygonal
./Annotations\0195.xml,small-spread
./Annotations\0195.xml,small-spread
./Annotations\0195.xml,small-spread
./Annotations\0195.xml,small-polygonal
./Annotations\0195.xml,small-spread
./Annotations\0195.xml,small-spread
./Annotations\0195.xml,small-spread
./Annotations\0195.xml,dividing
./Annotations\0196.xml,dividing
./Annotations\0196.xml,medium-spread
./Annotations\0196.xml,medium-polygonal
./Annotations\0197.xml,medium-spread
./Annotations\0197.xml,medium-polygonal
./Annotations\0197.xml,medium-polygonal
./Annotations\0198.xml,medium-spread
./Annotations\0198.xml,small-spread
./Annotations\0198.xml,medium-spread
./Annotations\0198.xml,small-polygonal
./Annotations\0198.xml,medium-spread
./Annotations\0198.xml,medium-spread
./Annotations\0199.xml,medium-spread
./Annotations\0199.xml,medium-spread
./Annotations\0199.xml,dividing
./Annotations\0199.xml,medium-spread
./Annotations\0199.xml,small-spread
./Annotations\0200.xml,medium-spread
./Annotations\0200.xml,small-round
./Annotations\0200.xml,small-spread
./Annotations\0200.xml,small-spread
./Annotations\0200.xml,small-polygonal
./Annotations\0200.xml,medium-polygonal
./Annotations\0202.xml,medium-spread
./Annotations\0203.xml,small-polygonal
./Annotations\0203.xml,medium-spread
./Annotations\0203.xml,small-spread
./Annotations\0203.xml,small-spread
./Annotations\0203.xml,medium-spread
./Annotations\0203.xml,medium-polygonal
./Annotations\0203.xml,medium-spread
./Annotations\0203.xml,medium-spread
./Annotations\0203.xml,small-spread
./Annotations\0203.xml,medium-spread
./Annotations\0203.xml,dividing
./Annotations\0203.xml,small-polygonal
./Annotations\0203.xml,medium-spread
./Annotations\0203.xml,small-spread
./Annotations\0203.xml,medium-spread
./Annotations\0204.xml,medium-spread
./Annotations\0204.xml,small-spread
./Annotations\0204.xml,small-polygonal
./Annotations\0204.xml,medium-spread
./Annotations\0204.xml,medium-spread
./Annotations\0204.xml,medium-spread
./Annotations\0204.xml,dividing
./Annotations\0205.xml,dividing
./Annotations\0205.xml,medium-spread
./Annotations\0205.xml,medium-polygonal
./Annotations\0205.xml,medium-spread
./Annotations\0205.xml,medium-spread
./Annotations\0206.xml,small-round
./Annotations\0206.xml,small-spread
./Annotations\0206.xml,small-round
./Annotations\0206.xml,small-spread
./Annotations\0206.xml,medium-spread
./Annotations\0207.xml,medium-spread
./Annotations\0207.xml,spindle
./Annotations\0207.xml,medium-spread
./Annotations\0207.xml,medium-spread
./Annotations\0207.xml,large-spread
./Annotations\0207.xml,small-round
./Annotations\0207.xml,medium-spread
./Annotations\0207.xml,small-round
./Annotations\0207.xml,small-round
./Annotations\0207.xml,small-spread
./Annotations\0207.xml,medium-spread
./Annotations\0207.xml,medium-spread
./Annotations\0208.xml,medium-spread
./Annotations\0208.xml,medium-polygonal
./Annotations\0208.xml,medium-spread
./Annotations\0208.xml,dividing
./Annotations\0208.xml,medium-spread
./Annotations\0208.xml,small-spread
./Annotations\0208.xml,medium-spread
./Annotations\0208.xml,dividing
./Annotations\0208.xml,small-round
./Annotations\0208.xml,medium-spread
./Annotations\0208.xml,medium-spread
./Annotations\0208.xml,dividing
./Annotations\0208.xml,medium-spread
./Annotations\0208.xml,medium-spread
./Annotations\0208.xml,dividing
./Annotations\0210.xml,small-polygonal
./Annotations\0210.xml,medium-spread
./Annotations\0210.xml,small-spread
./Annotations\0210.xml,small-round
./Annotations\0210.xml,medium-spread
./Annotations\0210.xml,medium-spread
./Annotations\0210.xml,small-spread
./Annotations\0210.xml,small-spread
./Annotations\0210.xml,medium-spread
./Annotations\0210.xml,dividing
./Annotations\0211.xml,small-spread
./Annotations\0211.xml,medium-spread
./Annotations\0211.xml,small-polygonal
./Annotations\0211.xml,small-spread
./Annotations\0211.xml,medium-spread
./Annotations\0211.xml,medium-spread
./Annotations\0211.xml,medium-spread
./Annotations\0211.xml,medium-spread
./Annotations\0212.xml,small-spread
./Annotations\0212.xml,medium-spread
./Annotations\0212.xml,medium-spread
./Annotations\0212.xml,medium-spread
./Annotations\0212.xml,medium-spread
./Annotations\0212.xml,dividing
./Annotations\0212.xml,large-spread
./Annotations\0212.xml,medium-spread
./Annotations\0212.xml,small-spread
./Annotations\0212.xml,small-spread
./Annotations\0212.xml,large-spread
./Annotations\0212.xml,small-spread
./Annotations\0212.xml,medium-spread
./Annotations\0212.xml,medium-spread
./Annotations\0212.xml,dividing
./Annotations\0212.xml,medium-spread
./Annotations\0213.xml,small-spread
./Annotations\0213.xml,small-spread
./Annotations\0213.xml,medium-spread
./Annotations\0213.xml,small-spread
./Annotations\0213.xml,medium-spread
./Annotations\0213.xml,small-spread
./Annotations\0213.xml,medium-spread
./Annotations\0213.xml,medium-polygonal
./Annotations\0213.xml,medium-spread
./Annotations\0213.xml,medium-polygonal
./Annotations\0214.xml,small-spread
./Annotations\0214.xml,medium-spread
./Annotations\0214.xml,small-spread
./Annotations\0214.xml,small-spread
./Annotations\0214.xml,medium-spread
./Annotations\0214.xml,medium-spread
./Annotations\0214.xml,medium-spread
./Annotations\0214.xml,large-spread
./Annotations\0214.xml,dividing
./Annotations\0214.xml,large-spread
./Annotations\0215.xml,dividing
./Annotations\0215.xml,medium-spread
./Annotations\0215.xml,dividing
./Annotations\0215.xml,dividing
./Annotations\0215.xml,dividing
./Annotations\0215.xml,medium-spread
./Annotations\0215.xml,small-spread
./Annotations\0215.xml,small-spread
./Annotations\0215.xml,small-spread
./Annotations\0215.xml,medium-polygonal
./Annotations\0215.xml,medium-spread
./Annotations\0215.xml,small-polygonal
./Annotations\0215.xml,small-spread
./Annotations\0215.xml,small-spread
./Annotations\0215.xml,medium-polygonal
./Annotations\0215.xml,medium-spread
./Annotations\0216.xml,small-spread
./Annotations\0216.xml,medium-spread
./Annotations\0216.xml,medium-spread
./Annotations\0216.xml,dividing
./Annotations\0216.xml,small-polygonal
./Annotations\0216.xml,medium-spread
./Annotations\0216.xml,medium-polygonal
./Annotations\0216.xml,medium-polygonal
./Annotations\0217.xml,dividing
./Annotations\0217.xml,dividing
./Annotations\0217.xml,large-polygonal
./Annotations\0217.xml,medium-polygonal
./Annotations\0217.xml,large-polygonal
./Annotations\0217.xml,medium-polygonal
./Annotations\0217.xml,medium-polygonal
./Annotations\0217.xml,medium-spread
./Annotations\0217.xml,small-round
./Annotations\0218.xml,small-polygonal
./Annotations\0218.xml,small-polygonal
./Annotations\0218.xml,medium-spread
./Annotations\0218.xml,medium-spread
./Annotations\0218.xml,medium-spread
./Annotations\0218.xml,small-polygonal
./Annotations\0218.xml,spindle
./Annotations\0218.xml,small-polygonal
./Annotations\0218.xml,medium-spread
./Annotations\0218.xml,medium-polygonal
./Annotations\0218.xml,medium-polygonal
./Annotations\0218.xml,medium-spread
./Annotations\0218.xml,medium-spread
./Annotations\0219.xml,medium-polygonal
./Annotations\0219.xml,medium-spread
./Annotations\0219.xml,medium-polygonal
./Annotations\0219.xml,small-spread
./Annotations\0219.xml,spindle
./Annotations\0219.xml,medium-spread
./Annotations\0219.xml,medium-spread
./Annotations\0220.xml,small-polygonal
./Annotations\0220.xml,small-spread
./Annotations\0220.xml,small-polygonal
./Annotations\0220.xml,medium-spread
./Annotations\0220.xml,spindle
./Annotations\0220.xml,medium-spread
./Annotations\0220.xml,small-spread
./Annotations\0220.xml,small-polygonal
./Annotations\0220.xml,small-spread
./Annotations\0220.xml,small-polygonal
./Annotations\0220.xml,small-polygonal
./Annotations\0220.xml,small-polygonal
./Annotations\0220.xml,medium-spread
./Annotations\0220.xml,large-spread
./Annotations\0221.xml,small-spread
./Annotations\0221.xml,medium-polygonal
./Annotations\0221.xml,medium-spread
./Annotations\0221.xml,medium-polygonal
./Annotations\0221.xml,small-polygonal
./Annotations\0221.xml,small-polygonal
./Annotations\0221.xml,small-polygonal
./Annotations\0221.xml,medium-polygonal
./Annotations\0221.xml,medium-spread
./Annotations\0221.xml,dividing
./Annotations\0221.xml,medium-spread
./Annotations\0221.xml,medium-polygonal
./Annotations\0221.xml,dividing
./Annotations\0221.xml,small-spread
./Annotations\0222.xml,spindle
./Annotations\0222.xml,small-polygonal
./Annotations\0222.xml,medium-spread
./Annotations\0222.xml,medium-spread
./Annotations\0222.xml,medium-spread
./Annotations\0223.xml,small-polygonal
./Annotations\0223.xml,small-polygonal
./Annotations\0223.xml,dividing
./Annotations\0223.xml,dividing
./Annotations\0223.xml,dividing
./Annotations\0223.xml,medium-polygonal
./Annotations\0223.xml,medium-polygonal
./Annotations\0223.xml,medium-polygonal
./Annotations\0223.xml,small-spread
./Annotations\0223.xml,small-polygonal
./Annotations\0223.xml,small-spread
./Annotations\0223.xml,medium-polygonal
./Annotations\0223.xml,small-polygonal
./Annotations\0224.xml,small-polygonal
./Annotations\0224.xml,small-polygonal
./Annotations\0224.xml,medium-polygonal
./Annotations\0224.xml,medium-polygonal
./Annotations\0224.xml,small-polygonal
./Annotations\0224.xml,dividing
./Annotations\0224.xml,dividing
./Annotations\0224.xml,small-polygonal
./Annotations\0224.xml,small-polygonal
./Annotations\0224.xml,medium-spread
./Annotations\0224.xml,medium-spread
./Annotations\0224.xml,medium-spread
./Annotations\0224.xml,dividing
./Annotations\0224.xml,medium-spread
./Annotations\0225.xml,dividing
./Annotations\0225.xml,medium-spread
./Annotations\0225.xml,medium-spread
./Annotations\0225.xml,medium-spread
./Annotations\0225.xml,medium-polygonal
./Annotations\0225.xml,medium-spread
./Annotations\0225.xml,medium-spread
./Annotations\0225.xml,dividing
./Annotations\0225.xml,medium-polygonal
./Annotations\0225.xml,medium-polygonal
./Annotations\0225.xml,medium-polygonal
./Annotations\0225.xml,medium-polygonal
./Annotations\0225.xml,medium-polygonal
./Annotations\0225.xml,medium-spread
./Annotations\0225.xml,medium-spread
./Annotations\0225.xml,medium-spread
./Annotations\0225.xml,medium-polygonal
./Annotations\0226.xml,dividing
./Annotations\0226.xml,dividing
./Annotations\0226.xml,dividing
./Annotations\0226.xml,dividing
./Annotations\0226.xml,dividing
./Annotations\0226.xml,dividing
./Annotations\0226.xml,medium-spread
./Annotations\0226.xml,medium-polygonal
./Annotations\0226.xml,medium-polygonal
./Annotations\0226.xml,medium-polygonal
./Annotations\0226.xml,medium-polygonal
./Annotations\0226.xml,medium-polygonal
./Annotations\0226.xml,medium-spread
./Annotations\0226.xml,medium-spread
./Annotations\0226.xml,medium-polygonal
./Annotations\0226.xml,dividing
./Annotations\0226.xml,medium-spread
./Annotations\0226.xml,medium-polygonal
./Annotations\0226.xml,medium-polygonal
./Annotations\0227.xml,dividing
./Annotations\0227.xml,medium-spread
./Annotations\0227.xml,medium-spread
./Annotations\0227.xml,small-polygonal
./Annotations\0227.xml,small-polygonal
./Annotations\0227.xml,small-polygonal
./Annotations\0227.xml,medium-polygonal
./Annotations\0227.xml,medium-polygonal
./Annotations\0227.xml,small-spread
./Annotations\0227.xml,small-spread
./Annotations\0227.xml,small-spread
./Annotations\0227.xml,medium-polygonal
./Annotations\0227.xml,medium-spread
./Annotations\0228.xml,dividing
./Annotations\0228.xml,dividing
./Annotations\0228.xml,dividing
./Annotations\0228.xml,dividing
./Annotations\0228.xml,dividing
./Annotations\0228.xml,medium-spread
./Annotations\0228.xml,small-spread
./Annotations\0228.xml,small-spread
./Annotations\0228.xml,small-spread
./Annotations\0228.xml,medium-polygonal
./Annotations\0228.xml,medium-spread
./Annotations\0228.xml,dividing
./Annotations\0228.xml,medium-spread
./Annotations\0229.xml,medium-spread
./Annotations\0229.xml,medium-polygonal
./Annotations\0229.xml,medium-polygonal
./Annotations\0229.xml,medium-spread
./Annotations\0229.xml,medium-spread
./Annotations\0229.xml,medium-spread
./Annotations\0229.xml,medium-polygonal
./Annotations\0229.xml,dividing
./Annotations\0229.xml,small-polygonal
./Annotations\0229.xml,dividing
./Annotations\0229.xml,medium-spread
./Annotations\0229.xml,medium-spread
./Annotations\0229.xml,medium-spread
./Annotations\0229.xml,medium-polygonal
./Annotations\0229.xml,dividing
./Annotations\0229.xml,medium-spread
./Annotations\0230.xml,dividing
./Annotations\0230.xml,dividing
./Annotations\0230.xml,dividing
./Annotations\0230.xml,medium-spread
./Annotations\0230.xml,medium-polygonal
./Annotations\0230.xml,medium-spread
./Annotations\0230.xml,medium-spread
./Annotations\0230.xml,medium-spread
./Annotations\0230.xml,dividing
./Annotations\0230.xml,medium-polygonal
./Annotations\0230.xml,medium-polygonal
./Annotations\0230.xml,small-spread
./Annotations\0230.xml,medium-polygonal
./Annotations\0230.xml,small-polygonal
./Annotations\0230.xml,medium-spread
./Annotations\0230.xml,medium-spread
./Annotations\0230.xml,dividing
./Annotations\0230.xml,dividing
./Annotations\0230.xml,medium-spread
./Annotations\0230.xml,dividing
./Annotations\0230.xml,medium-polygonal
./Annotations\0231.xml,dividing
./Annotations\0231.xml,dividing
./Annotations\0231.xml,medium-polygonal
./Annotations\0231.xml,medium-spread
./Annotations\0231.xml,medium-polygonal
./Annotations\0231.xml,medium-polygonal
./Annotations\0231.xml,medium-polygonal
./Annotations\0231.xml,small-polygonal
./Annotations\0231.xml,medium-spread
./Annotations\0231.xml,dividing
./Annotations\0231.xml,medium-polygonal
./Annotations\0231.xml,medium-spread
./Annotations\0231.xml,dividing
./Annotations\0231.xml,medium-spread
./Annotations\0231.xml,dividing
./Annotations\0231.xml,small-polygonal
./Annotations\0231.xml,medium-spread
./Annotations\0231.xml,small-spread
./Annotations\0231.xml,medium-spread
./Annotations\0231.xml,medium-spread
./Annotations\0232.xml,medium-spread
./Annotations\0232.xml,medium-spread
./Annotations\0232.xml,medium-spread
./Annotations\0232.xml,medium-spread
./Annotations\0232.xml,medium-spread
./Annotations\0232.xml,medium-polygonal
./Annotations\0232.xml,dividing
./Annotations\0232.xml,dividing
./Annotations\0232.xml,dividing
./Annotations\0232.xml,dividing
./Annotations\0232.xml,dividing
./Annotations\0232.xml,dividing
./Annotations\0232.xml,medium-spread
./Annotations\0232.xml,medium-polygonal
./Annotations\0232.xml,small-polygonal
./Annotations\0232.xml,medium-spread
./Annotations\0232.xml,large-spread
./Annotations\0232.xml,medium-spread
./Annotations\0232.xml,medium-polygonal
./Annotations\0232.xml,medium-polygonal
./Annotations\0232.xml,dividing
./Annotations\0232.xml,dividing
./Annotations\0232.xml,dividing
./Annotations\0232.xml,dividing
./Annotations\0232.xml,medium-spread
./Annotations\0234.xml,medium-spread
./Annotations\0234.xml,dividing
./Annotations\0234.xml,dividing
./Annotations\0234.xml,medium-spread
./Annotations\0234.xml,medium-spread
./Annotations\0234.xml,medium-polygonal
./Annotations\0234.xml,medium-polygonal
./Annotations\0234.xml,medium-polygonal
./Annotations\0234.xml,large-spread
./Annotations\0234.xml,dividing
./Annotations\0234.xml,medium-spread
./Annotations\0234.xml,small-spread
./Annotations\0234.xml,medium-spread
./Annotations\0234.xml,dividing
./Annotations\0234.xml,medium-spread
./Annotations\0234.xml,dividing
./Annotations\0235.xml,dividing
./Annotations\0235.xml,medium-polygonal
./Annotations\0235.xml,small-spread
./Annotations\0235.xml,medium-spread
./Annotations\0235.xml,dividing
./Annotations\0235.xml,medium-polygonal
./Annotations\0235.xml,medium-polygonal
./Annotations\0235.xml,medium-polygonal
./Annotations\0235.xml,small-spread
./Annotations\0235.xml,medium-spread
./Annotations\0235.xml,dividing
./Annotations\0235.xml,medium-spread
./Annotations\0235.xml,medium-spread
./Annotations\0235.xml,medium-polygonal
./Annotations\0235.xml,medium-spread
./Annotations\0235.xml,medium-spread
./Annotations\0235.xml,medium-spread
./Annotations\0235.xml,medium-polygonal
./Annotations\0235.xml,medium-polygonal
./Annotations\0235.xml,small-polygonal
./Annotations\0235.xml,small-polygonal
./Annotations\0235.xml,dividing
./Annotations\0235.xml,large-polygonal
./Annotations\0236.xml,dividing
./Annotations\0236.xml,dividing
./Annotations\0236.xml,medium-polygonal
./Annotations\0236.xml,medium-polygonal
./Annotations\0236.xml,medium-spread
./Annotations\0236.xml,large-spread
./Annotations\0236.xml,small-spread
./Annotations\0236.xml,medium-polygonal
./Annotations\0236.xml,medium-spread
./Annotations\0236.xml,dividing
./Annotations\0236.xml,dividing
./Annotations\0236.xml,dividing
./Annotations\0236.xml,medium-spread
./Annotations\0236.xml,medium-spread
./Annotations\0236.xml,medium-spread
./Annotations\0236.xml,small-spread
./Annotations\0237.xml,large-spread
./Annotations\0237.xml,medium-spread
./Annotations\0237.xml,dividing
./Annotations\0237.xml,medium-spread
./Annotations\0237.xml,medium-spread
./Annotations\0237.xml,medium-spread
./Annotations\0237.xml,small-spread
./Annotations\0237.xml,medium-polygonal
./Annotations\0237.xml,medium-spread
./Annotations\0237.xml,small-spread
./Annotations\0237.xml,medium-polygonal
./Annotations\0237.xml,small-polygonal
./Annotations\0238.xml,small-spread
./Annotations\0238.xml,small-spread
./Annotations\0238.xml,small-spread
./Annotations\0238.xml,small-spread
./Annotations\0238.xml,small-spread
./Annotations\0238.xml,small-spread
./Annotations\0238.xml,dividing
./Annotations\0238.xml,medium-spread
