p1,./Annotations\0017.xml,dividing
p1,./Annotations\0017.xml,dividing
p1,./Annotations\0017.xml,small-round
p1,./Annotations\0017.xml,small-round
p1,./Annotations\0017.xml,medium-spread
p1,./Annotations\0017.xml,medium-polygonal
p1,./Annotations\0017.xml,medium-spread
p1,./Annotations\0017.xml,large-polygonal
p1,./Annotations\0017.xml,small-round
p1,./Annotations\0017.xml,medium-polygonal
p1,./Annotations\0017.xml,medium-spread
p1,./Annotations\0019.xml,dividing
p1,./Annotations\0019.xml,dividing
p1,./Annotations\0019.xml,large-polygonal
p1,./Annotations\0019.xml,medium-spread
p1,./Annotations\0019.xml,large-spread
p1,./Annotations\0019.xml,small-polygonal
p1,./Annotations\0019.xml,medium-polygonal
p1,./Annotations\0019.xml,medium-polygonal
p1,./Annotations\0019.xml,medium-polygonal
p1,./Annotations\0021.xml,dividing
p1,./Annotations\0021.xml,dividing
p1,./Annotations\0021.xml,dividing
p1,./Annotations\0021.xml,dividing
p1,./Annotations\0021.xml,medium-polygonal
p1,./Annotations\0021.xml,medium-polygonal
p1,./Annotations\0021.xml,medium-spread
p1,./Annotations\0021.xml,medium-polygonal
p1,./Annotations\0022.xml,medium-spread
p1,./Annotations\0022.xml,medium-spread
p1,./Annotations\0022.xml,medium-polygonal
p1,./Annotations\0022.xml,medium-polygonal
p1,./Annotations\0022.xml,medium-spread
p1,./Annotations\0023.xml,small-spread
p1,./Annotations\0023.xml,medium-spread
p1,./Annotations\0023.xml,medium-spread
p1,./Annotations\0023.xml,medium-polygonal
p1,./Annotations\0025.xml,small-spread
p1,./Annotations\0025.xml,small-polygonal
p1,./Annotations\0025.xml,medium-polygonal
p1,./Annotations\0025.xml,medium-polygonal
p1,./Annotations\0025.xml,small-spread
p1,./Annotations\0028.xml,dividing
p1,./Annotations\0028.xml,small-polygonal
p1,./Annotations\0028.xml,small-polygonal
p1,./Annotations\0028.xml,medium-polygonal
p1,./Annotations\0028.xml,medium-polygonal
p1,./Annotations\0028.xml,medium-polygonal
p1,./Annotations\0029.xml,medium-spread
p1,./Annotations\0029.xml,dividing
p1,./Annotations\0029.xml,medium-polygonal
p1,./Annotations\0029.xml,small-polygonal
p1,./Annotations\0029.xml,small-polygonal
p1,./Annotations\0029.xml,medium-polygonal
p1,./Annotations\0032.xml,dividing
p1,./Annotations\0032.xml,medium-polygonal
p1,./Annotations\0032.xml,medium-spread
p1,./Annotations\0032.xml,medium-spread
p1,./Annotations\0032.xml,dividing
p1,./Annotations\0032.xml,medium-polygonal
p1,./Annotations\0034.xml,dividing
p1,./Annotations\0034.xml,dividing
p1,./Annotations\0034.xml,medium-polygonal
p1,./Annotations\0034.xml,medium-polygonal
p1,./Annotations\0034.xml,medium-polygonal
p1,./Annotations\0034.xml,medium-spread
p1,./Annotations\0034.xml,medium-polygonal
p1,./Annotations\0038.xml,small-spread
p1,./Annotations\0038.xml,small-spread
p1,./Annotations\0038.xml,dividing
p1,./Annotations\0038.xml,small-polygonal
p1,./Annotations\0038.xml,small-polygonal
p1,./Annotations\0038.xml,medium-polygonal
p1,./Annotations\0038.xml,medium-spread
p1,./Annotations\0038.xml,medium-spread
p1,./Annotations\0038.xml,medium-polygonal
p1,./Annotations\0038.xml,medium-polygonal
p1,./Annotations\0038.xml,medium-polygonal
p1,./Annotations\0038.xml,large-spread
p1,./Annotations\0038.xml,medium-spread
p1,./Annotations\0038.xml,medium-polygonal
p1,./Annotations\0040.xml,dividing
p1,./Annotations\0040.xml,dividing
p1,./Annotations\0040.xml,medium-polygonal
p1,./Annotations\0040.xml,dividing
p1,./Annotations\0040.xml,medium-polygonal
p1,./Annotations\0040.xml,small-polygonal
p1,./Annotations\0040.xml,large-spread
p1,./Annotations\0040.xml,large-spread
p1,./Annotations\0040.xml,medium-polygonal
p1,./Annotations\0040.xml,medium-polygonal
p1,./Annotations\0040.xml,medium-polygonal
p1,./Annotations\0040.xml,medium-spread
p1,./Annotations\0040.xml,medium-spread
p1,./Annotations\0041.xml,medium-spread
p1,./Annotations\0041.xml,medium-polygonal
p1,./Annotations\0041.xml,dividing
p1,./Annotations\0041.xml,medium-spread
p1,./Annotations\0041.xml,large-polygonal
p1,./Annotations\0041.xml,medium-spread
p1,./Annotations\0041.xml,medium-polygonal
p1,./Annotations\0041.xml,small-polygonal
p1,./Annotations\0041.xml,small-round
p1,./Annotations\0041.xml,small-round
p1,./Annotations\0041.xml,medium-polygonal
p1,./Annotations\0041.xml,medium-polygonal
p1,./Annotations\0041.xml,medium-spread
p1,./Annotations\0042.xml,medium-polygonal
p1,./Annotations\0042.xml,dividing
p1,./Annotations\0042.xml,dividing
p1,./Annotations\0042.xml,dividing
p1,./Annotations\0042.xml,large-polygonal
p1,./Annotations\0042.xml,medium-spread
p1,./Annotations\0042.xml,large-polygonal
p1,./Annotations\0042.xml,medium-spread
p1,./Annotations\0043.xml,medium-polygonal
p1,./Annotations\0043.xml,medium-polygonal
p1,./Annotations\0043.xml,medium-spread
p1,./Annotations\0043.xml,small-polygonal
p1,./Annotations\0044.xml,small-polygonal
p1,./Annotations\0044.xml,dividing
p1,./Annotations\0044.xml,medium-spread
p1,./Annotations\0044.xml,dividing
p1,./Annotations\0044.xml,medium-spread
p1,./Annotations\0044.xml,medium-spread
p1,./Annotations\0044.xml,large-spread
p1,./Annotations\0044.xml,medium-spread
p1,./Annotations\0044.xml,large-polygonal
p1,./Annotations\0044.xml,medium-spread
p1,./Annotations\0044.xml,medium-spread
p1,./Annotations\0044.xml,medium-spread
p1,./Annotations\0044.xml,large-polygonal
p1,./Annotations\0046.xml,medium-spread
p1,./Annotations\0046.xml,small-spread
p1,./Annotations\0046.xml,medium-spread
p1,./Annotations\0046.xml,medium-polygonal
p1,./Annotations\0047.xml,medium-polygonal
p1,./Annotations\0047.xml,medium-spread
p1,./Annotations\0047.xml,large-spread
p1,./Annotations\0048.xml,dividing
p1,./Annotations\0048.xml,dividing
p1,./Annotations\0048.xml,dividing
p1,./Annotations\0048.xml,medium-spread
p1,./Annotations\0048.xml,medium-polygonal
p1,./Annotations\0048.xml,medium-spread
p1,./Annotations\0048.xml,medium-spread
p1,./Annotations\0048.xml,medium-spread
p1,./Annotations\0048.xml,large-polygonal
p1,./Annotations\0048.xml,medium-spread
p1,./Annotations\0048.xml,medium-polygonal
p1,./Annotations\0048.xml,medium-polygonal
p1,./Annotations\0052.xml,dividing
p1,./Annotations\0052.xml,dividing
p1,./Annotations\0052.xml,dividing
p1,./Annotations\0052.xml,large-spread
p1,./Annotations\0052.xml,large-polygonal
p1,./Annotations\0052.xml,medium-polygonal
p1,./Annotations\0052.xml,medium-spread
p1,./Annotations\0052.xml,medium-polygonal
p1,./Annotations\0052.xml,medium-polygonal
p1,./Annotations\0056.xml,dividing
p1,./Annotations\0056.xml,dividing
p1,./Annotations\0056.xml,dividing
p1,./Annotations\0056.xml,medium-spread
p1,./Annotations\0056.xml,medium-polygonal
p1,./Annotations\0056.xml,medium-spread
p1,./Annotations\0056.xml,large-polygonal
p1,./Annotations\0056.xml,small-polygonal
p1,./Annotations\0056.xml,medium-polygonal
p1,./Annotations\0056.xml,medium-polygonal
p1,./Annotations\0056.xml,small-polygonal
p1,./Annotations\0056.xml,small-spread
p1,./Annotations\0056.xml,small-round
p1,./Annotations\0057.xml,dividing
p1,./Annotations\0057.xml,dividing
p1,./Annotations\0057.xml,dividing
p1,./Annotations\0057.xml,small-polygonal
p1,./Annotations\0057.xml,medium-polygonal
p1,./Annotations\0057.xml,medium-polygonal
p1,./Annotations\0057.xml,medium-polygonal
p1,./Annotations\0057.xml,small-polygonal
p1,./Annotations\0057.xml,small-round
p1,./Annotations\0057.xml,medium-spread
p1,./Annotations\0057.xml,medium-polygonal
p1,./Annotations\0059.xml,dividing
p1,./Annotations\0059.xml,dividing
p1,./Annotations\0059.xml,dividing
p1,./Annotations\0059.xml,small-polygonal
p1,./Annotations\0059.xml,small-polygonal
p1,./Annotations\0059.xml,medium-polygonal
p1,./Annotations\0059.xml,medium-polygonal
p1,./Annotations\0059.xml,medium-polygonal
p1,./Annotations\0059.xml,small-polygonal
p1,./Annotations\0059.xml,medium-polygonal
p1,./Annotations\0059.xml,medium-polygonal
p1,./Annotations\0059.xml,large-spread
p1,./Annotations\0059.xml,medium-spread
p1,./Annotations\0059.xml,medium-spread
p1,./Annotations\0059.xml,medium-polygonal
p1,./Annotations\0059.xml,medium-polygonal
p1,./Annotations\0059.xml,medium-polygonal
p1,./Annotations\0059.xml,small-spread
p1,./Annotations\0062.xml,dividing
p1,./Annotations\0062.xml,dividing
p1,./Annotations\0062.xml,medium-spread
p1,./Annotations\0062.xml,medium-spread
p1,./Annotations\0062.xml,medium-spread
p1,./Annotations\0062.xml,small-polygonal
p1,./Annotations\0062.xml,small-polygonal
p1,./Annotations\0062.xml,medium-spread
p1,./Annotations\0062.xml,medium-polygonal
p1,./Annotations\0062.xml,small-polygonal
p1,./Annotations\0062.xml,small-spread
p1,./Annotations\0062.xml,medium-spread
p1,./Annotations\0062.xml,medium-spread
p1,./Annotations\0062.xml,large-spread
p1,./Annotations\0066.xml,large-spread
p1,./Annotations\0066.xml,dividing
p1,./Annotations\0066.xml,dividing
p1,./Annotations\0066.xml,large-spread
p1,./Annotations\0066.xml,dividing
p1,./Annotations\0066.xml,medium-polygonal
p1,./Annotations\0066.xml,small-spread
p1,./Annotations\0066.xml,small-polygonal
p1,./Annotations\0066.xml,dividing
p1,./Annotations\0066.xml,medium-polygonal
p1,./Annotations\0066.xml,large-spread
p1,./Annotations\0067.xml,dividing
p1,./Annotations\0067.xml,dividing
p1,./Annotations\0067.xml,medium-spread
p1,./Annotations\0067.xml,medium-spread
p1,./Annotations\0067.xml,small-spread
p1,./Annotations\0067.xml,medium-spread
p1,./Annotations\0067.xml,small-polygonal
p1,./Annotations\0067.xml,small-polygonal
p1,./Annotations\0069.xml,medium-polygonal
p1,./Annotations\0069.xml,medium-polygonal
p1,./Annotations\0069.xml,medium-spread
p1,./Annotations\0069.xml,medium-spread
p1,./Annotations\0069.xml,small-polygonal
p1,./Annotations\0069.xml,medium-spread
p1,./Annotations\0069.xml,medium-spread
p1,./Annotations\0069.xml,medium-spread
p1,./Annotations\0069.xml,dividing
p1,./Annotations\0074.xml,dividing
p1,./Annotations\0074.xml,dividing
p1,./Annotations\0074.xml,dividing
p1,./Annotations\0074.xml,dividing
p1,./Annotations\0074.xml,medium-spread
p1,./Annotations\0074.xml,medium-polygonal
p1,./Annotations\0075.xml,large-spread
p1,./Annotations\0075.xml,large-spread
p1,./Annotations\0075.xml,medium-spread
p1,./Annotations\0075.xml,small-spread
p1,./Annotations\0075.xml,medium-polygonal
p1,./Annotations\0075.xml,large-polygonal
p1,./Annotations\0075.xml,medium-polygonal
p1,./Annotations\0075.xml,large-polygonal
p1,./Annotations\0078.xml,large-spread
p1,./Annotations\0078.xml,dividing
p1,./Annotations\0078.xml,small-polygonal
p1,./Annotations\0078.xml,small-polygonal
p1,./Annotations\0078.xml,small-polygonal
p1,./Annotations\0078.xml,medium-spread
p1,./Annotations\0078.xml,large-spread
p1,./Annotations\0078.xml,large-spread
p1,./Annotations\0079.xml,large-polygonal
p1,./Annotations\0079.xml,medium-polygonal
p1,./Annotations\0079.xml,medium-polygonal
p1,./Annotations\0079.xml,large-spread
p1,./Annotations\0079.xml,small-polygonal
p1,./Annotations\0079.xml,small-polygonal
p1,./Annotations\0079.xml,dividing
p1,./Annotations\0079.xml,medium-polygonal
p1,./Annotations\0079.xml,medium-polygonal
p1,./Annotations\0079.xml,medium-polygonal
p1,./Annotations\0079.xml,small-spread
p1,./Annotations\0082.xml,dividing
p1,./Annotations\0082.xml,large-polygonal
p1,./Annotations\0082.xml,medium-polygonal
p1,./Annotations\0082.xml,medium-spread
p1,./Annotations\0082.xml,medium-polygonal
p1,./Annotations\0082.xml,medium-polygonal
p1,./Annotations\0082.xml,medium-polygonal
p1,./Annotations\0082.xml,medium-polygonal
p1,./Annotations\0084.xml,dividing
p1,./Annotations\0084.xml,dividing
p1,./Annotations\0084.xml,medium-polygonal
p1,./Annotations\0084.xml,dividing
p1,./Annotations\0084.xml,medium-spread
p1,./Annotations\0084.xml,medium-spread
p1,./Annotations\0084.xml,medium-polygonal
p1,./Annotations\0084.xml,medium-polygonal
p1,./Annotations\0084.xml,large-spread
p1,./Annotations\0086.xml,dividing
p1,./Annotations\0086.xml,small-spread
p1,./Annotations\0086.xml,small-round
p1,./Annotations\0086.xml,small-polygonal
p1,./Annotations\0086.xml,medium-spread
p1,./Annotations\0086.xml,medium-polygonal
p1,./Annotations\0086.xml,medium-polygonal
p1,./Annotations\0086.xml,medium-polygonal
p1,./Annotations\0086.xml,large-polygonal
p1,./Annotations\0086.xml,medium-polygonal
p1,./Annotations\0086.xml,medium-polygonal
p1,./Annotations\0090.xml,medium-spread
p1,./Annotations\0090.xml,small-polygonal
p1,./Annotations\0090.xml,small-polygonal
p1,./Annotations\0090.xml,small-round
p1,./Annotations\0090.xml,small-spread
p1,./Annotations\0090.xml,small-spread
p1,./Annotations\0090.xml,dividing
p1,./Annotations\0090.xml,dividing
p1,./Annotations\0090.xml,large-polygonal
p1,./Annotations\0090.xml,large-polygonal
p1,./Annotations\0090.xml,medium-polygonal
p1,./Annotations\0090.xml,medium-polygonal
p1,./Annotations\0090.xml,small-spread
p1,./Annotations\0091.xml,dividing
p1,./Annotations\0091.xml,dividing
p1,./Annotations\0091.xml,dividing
p1,./Annotations\0091.xml,medium-polygonal
p1,./Annotations\0091.xml,medium-polygonal
p1,./Annotations\0091.xml,medium-spread
p1,./Annotations\0091.xml,medium-spread
p1,./Annotations\0091.xml,large-polygonal
p1,./Annotations\0091.xml,medium-polygonal
p1,./Annotations\0091.xml,medium-polygonal
p1,./Annotations\0096.xml,dividing
p1,./Annotations\0096.xml,dividing
p1,./Annotations\0096.xml,small-spread
p1,./Annotations\0096.xml,large-spread
p1,./Annotations\0096.xml,medium-spread
p1,./Annotations\0096.xml,large-spread
p1,./Annotations\0096.xml,medium-polygonal
p1,./Annotations\0096.xml,medium-spread
p1,./Annotations\0096.xml,small-polygonal
p1,./Annotations\0096.xml,small-polygonal
p1,./Annotations\0096.xml,large-polygonal
p1,./Annotations\0096.xml,small-polygonal
p1,./Annotations\0098.xml,dividing
p1,./Annotations\0098.xml,dividing
p1,./Annotations\0098.xml,medium-spread
p1,./Annotations\0098.xml,medium-polygonal
p1,./Annotations\0098.xml,small-spread
p1,./Annotations\0098.xml,medium-spread
p1,./Annotations\0098.xml,medium-polygonal
p1,./Annotations\0098.xml,large-spread
p1,./Annotations\0098.xml,medium-polygonal
p1,./Annotations\0098.xml,medium-spread
p1,./Annotations\0098.xml,medium-polygonal
p1,./Annotations\0098.xml,medium-polygonal
p1,./Annotations\0098.xml,medium-polygonal
p1,./Annotations\0098.xml,small-spread
p1,./Annotations\0098.xml,small-polygonal
p1,./Annotations\0100.xml,dividing
p1,./Annotations\0100.xml,medium-spread
p1,./Annotations\0100.xml,medium-spread
p1,./Annotations\0100.xml,medium-spread
p1,./Annotations\0100.xml,medium-spread
p1,./Annotations\0100.xml,medium-polygonal
p1,./Annotations\0100.xml,medium-polygonal
p1,./Annotations\0100.xml,medium-polygonal
p1,./Annotations\0100.xml,medium-spread
p1,./Annotations\0100.xml,medium-spread
p1,./Annotations\0103.xml,large-spread
p1,./Annotations\0103.xml,medium-spread
p1,./Annotations\0103.xml,medium-spread
p1,./Annotations\0103.xml,medium-polygonal
p1,./Annotations\0103.xml,medium-polygonal
p1,./Annotations\0103.xml,medium-polygonal
p1,./Annotations\0103.xml,medium-polygonal
p1,./Annotations\0103.xml,medium-polygonal
p1,./Annotations\0103.xml,medium-polygonal
p1,./Annotations\0103.xml,medium-spread
p1,./Annotations\0103.xml,medium-spread
p1,./Annotations\0103.xml,dividing
p1,./Annotations\0103.xml,large-spread
p1,./Annotations\0106.xml,dividing
p1,./Annotations\0106.xml,medium-spread
p1,./Annotations\0106.xml,small-polygonal
p1,./Annotations\0106.xml,medium-spread
p1,./Annotations\0106.xml,small-polygonal
p1,./Annotations\0106.xml,medium-polygonal
p1,./Annotations\0106.xml,medium-spread
p1,./Annotations\0106.xml,medium-spread
p1,./Annotations\0106.xml,medium-spread
p1,./Annotations\0106.xml,medium-spread
p1,./Annotations\0109.xml,small-spread
p1,./Annotations\0109.xml,small-polygonal
p1,./Annotations\0109.xml,medium-polygonal
p1,./Annotations\0109.xml,medium-polygonal
p1,./Annotations\0109.xml,large-spread
p1,./Annotations\0109.xml,medium-spread
p1,./Annotations\0109.xml,medium-spread
p1,./Annotations\0109.xml,small-polygonal
p1,./Annotations\0109.xml,small-polygonal
p1,./Annotations\0109.xml,small-polygonal
p1,./Annotations\0109.xml,medium-polygonal
p1,./Annotations\0109.xml,small-spread
p1,./Annotations\0111.xml,large-spread
p1,./Annotations\0111.xml,medium-spread
p1,./Annotations\0111.xml,medium-spread
p1,./Annotations\0111.xml,medium-spread
p1,./Annotations\0111.xml,small-polygonal
p1,./Annotations\0111.xml,small-polygonal
p1,./Annotations\0112.xml,large-polygonal
p1,./Annotations\0112.xml,small-polygonal
p1,./Annotations\0112.xml,medium-spread
p1,./Annotations\0112.xml,small-polygonal
p1,./Annotations\0112.xml,large-spread
p1,./Annotations\0112.xml,medium-spread
p1,./Annotations\0114.xml,medium-polygonal
p1,./Annotations\0114.xml,dividing
p1,./Annotations\0117.xml,large-spread
p1,./Annotations\0117.xml,medium-spread
p1,./Annotations\0117.xml,large-spread
p1,./Annotations\0117.xml,large-spread
p1,./Annotations\0117.xml,small-spread
p1,./Annotations\0118.xml,medium-polygonal
p1,./Annotations\0118.xml,medium-spread
p1,./Annotations\0118.xml,medium-polygonal
p1,./Annotations\0121.xml,medium-spread
p1,./Annotations\0121.xml,medium-polygonal
p1,./Annotations\0121.xml,medium-polygonal
p1,./Annotations\0121.xml,medium-polygonal
p1,./Annotations\0125.xml,small-polygonal
p1,./Annotations\0125.xml,medium-spread
p1,./Annotations\0125.xml,medium-spread
p1,./Annotations\0125.xml,medium-polygonal
p1,./Annotations\0125.xml,medium-polygonal
p1,./Annotations\0125.xml,medium-polygonal
p1,./Annotations\0125.xml,small-spread
p1,./Annotations\0125.xml,medium-polygonal
p1,./Annotations\0127.xml,dividing
p1,./Annotations\0127.xml,medium-spread
p1,./Annotations\0127.xml,large-spread
p1,./Annotations\0127.xml,large-spread
p1,./Annotations\0127.xml,medium-spread
p1,./Annotations\0127.xml,small-spread
p1,./Annotations\0127.xml,small-spread
p1,./Annotations\0127.xml,small-spread
p1,./Annotations\0127.xml,medium-spread
p1,./Annotations\0127.xml,large-polygonal
p1,./Annotations\0127.xml,small-polygonal
p1,./Annotations\0127.xml,small-polygonal
p1,./Annotations\0127.xml,medium-polygonal
p1,./Annotations\0127.xml,medium-polygonal
p1,./Annotations\0131.xml,medium-spread
p1,./Annotations\0131.xml,dividing
p1,./Annotations\0131.xml,medium-spread
p1,./Annotations\0131.xml,medium-spread
p1,./Annotations\0131.xml,medium-spread
p1,./Annotations\0133.xml,medium-spread
p1,./Annotations\0133.xml,medium-spread
p1,./Annotations\0133.xml,medium-polygonal
p1,./Annotations\0133.xml,small-spread
p1,./Annotations\0133.xml,small-spread
p1,./Annotations\0133.xml,small-spread
p1,./Annotations\0133.xml,medium-spread
p1,./Annotations\0133.xml,medium-spread
p1,./Annotations\0133.xml,small-polygonal
p1,./Annotations\0135.xml,small-spread
p1,./Annotations\0135.xml,dividing
p1,./Annotations\0135.xml,dividing
p1,./Annotations\0135.xml,medium-spread
p1,./Annotations\0135.xml,medium-spread
p1,./Annotations\0135.xml,small-spread
p1,./Annotations\0135.xml,small-spread
p1,./Annotations\0135.xml,small-polygonal
p1,./Annotations\0135.xml,small-polygonal
p1,./Annotations\0135.xml,dividing
p1,./Annotations\0138.xml,small-spread
p1,./Annotations\0140.xml,medium-polygonal
p1,./Annotations\0140.xml,medium-polygonal
p1,./Annotations\0140.xml,medium-polygonal
p1,./Annotations\0140.xml,medium-spread
p1,./Annotations\0143.xml,small-spread
p1,./Annotations\0143.xml,small-spread
p1,./Annotations\0143.xml,small-spread
p1,./Annotations\0143.xml,medium-spread
p1,./Annotations\0143.xml,dividing
p1,./Annotations\0143.xml,dividing
p1,./Annotations\0143.xml,medium-polygonal
p1,./Annotations\0143.xml,large-spread
p1,./Annotations\0143.xml,large-polygonal
p1,./Annotations\0143.xml,medium-polygonal
p1,./Annotations\0145.xml,medium-spread
p1,./Annotations\0145.xml,dividing
p1,./Annotations\0145.xml,dividing
p1,./Annotations\0145.xml,dividing
p1,./Annotations\0145.xml,dividing
p1,./Annotations\0145.xml,medium-spread
p1,./Annotations\0145.xml,medium-polygonal
p1,./Annotations\0145.xml,dividing
p1,./Annotations\0145.xml,medium-polygonal
p1,./Annotations\0145.xml,medium-spread
p1,./Annotations\0145.xml,medium-polygonal
p1,./Annotations\0145.xml,small-polygonal
p1,./Annotations\0145.xml,small-polygonal
p1,./Annotations\0145.xml,medium-spread
p1,./Annotations\0145.xml,medium-spread
p1,./Annotations\0145.xml,large-spread
p1,./Annotations\0145.xml,medium-polygonal
p1,./Annotations\0149.xml,small-spread
p1,./Annotations\0149.xml,medium-spread
p1,./Annotations\0149.xml,medium-polygonal
p1,./Annotations\0149.xml,medium-spread
p1,./Annotations\0149.xml,dividing
p1,./Annotations\0149.xml,dividing
p1,./Annotations\0149.xml,dividing
p1,./Annotations\0149.xml,dividing
p1,./Annotations\0149.xml,dividing
p1,./Annotations\0149.xml,medium-polygonal
p1,./Annotations\0149.xml,medium-spread
p1,./Annotations\0149.xml,medium-spread
p1,./Annotations\0149.xml,medium-polygonal
p1,./Annotations\0149.xml,medium-spread
p1,./Annotations\0149.xml,medium-spread
p1,./Annotations\0151.xml,medium-polygonal
p1,./Annotations\0151.xml,medium-spread
p1,./Annotations\0151.xml,dividing
p1,./Annotations\0151.xml,dividing
p1,./Annotations\0151.xml,medium-spread
p1,./Annotations\0151.xml,small-polygonal
p1,./Annotations\0151.xml,medium-spread
p1,./Annotations\0151.xml,small-round
p1,./Annotations\0151.xml,medium-polygonal
p1,./Annotations\0152.xml,small-polygonal
p1,./Annotations\0152.xml,small-polygonal
p1,./Annotations\0152.xml,small-polygonal
p1,./Annotations\0152.xml,medium-polygonal
p1,./Annotations\0152.xml,small-spread
p1,./Annotations\0152.xml,small-polygonal
p1,./Annotations\0152.xml,dividing
p1,./Annotations\0152.xml,medium-polygonal
p1,./Annotations\0152.xml,dividing
p1,./Annotations\0152.xml,small-polygonal
p1,./Annotations\0152.xml,small-spread
p1,./Annotations\0153.xml,dividing
p1,./Annotations\0153.xml,dividing
p1,./Annotations\0153.xml,dividing
p1,./Annotations\0153.xml,small-polygonal
p1,./Annotations\0153.xml,small-spread
p1,./Annotations\0153.xml,medium-spread
p1,./Annotations\0153.xml,medium-polygonal
p1,./Annotations\0153.xml,small-polygonal
p1,./Annotations\0153.xml,medium-spread
p1,./Annotations\0153.xml,dividing
p1,./Annotations\0153.xml,medium-spread
p1,./Annotations\0153.xml,medium-polygonal
p1,./Annotations\0153.xml,medium-polygonal
p1,./Annotations\0154.xml,small-spread
p1,./Annotations\0154.xml,small-polygonal
p1,./Annotations\0154.xml,dividing
p1,./Annotations\0154.xml,dividing
p1,./Annotations\0154.xml,dividing
p1,./Annotations\0154.xml,small-polygonal
p1,./Annotations\0154.xml,small-polygonal
p1,./Annotations\0154.xml,small-polygonal
p1,./Annotations\0154.xml,medium-spread
p1,./Annotations\0154.xml,small-spread
p1,./Annotations\0154.xml,small-polygonal
p1,./Annotations\0154.xml,medium-polygonal
p1,./Annotations\0154.xml,medium-polygonal
p1,./Annotations\0154.xml,medium-polygonal
p1,./Annotations\0154.xml,medium-spread
p1,./Annotations\0154.xml,small-polygonal
p1,./Annotations\0159.xml,dividing
p1,./Annotations\0159.xml,dividing
p1,./Annotations\0159.xml,dividing
p1,./Annotations\0159.xml,small-polygonal
p1,./Annotations\0159.xml,small-spread
p1,./Annotations\0159.xml,small-polygonal
p1,./Annotations\0159.xml,small-polygonal
p1,./Annotations\0159.xml,small-polygonal
p1,./Annotations\0159.xml,medium-spread
p1,./Annotations\0159.xml,medium-spread
p1,./Annotations\0159.xml,medium-polygonal
p1,./Annotations\0159.xml,small-polygonal
p1,./Annotations\0159.xml,medium-spread
p1,./Annotations\0159.xml,small-polygonal
p1,./Annotations\0159.xml,small-polygonal
p1,./Annotations\0159.xml,medium-spread
p1,./Annotations\0159.xml,small-polygonal
p1,./Annotations\0159.xml,medium-spread
p1,./Annotations\0159.xml,small-polygonal
p1,./Annotations\0159.xml,small-polygonal
p1,./Annotations\0161.xml,small-polygonal
p1,./Annotations\0161.xml,medium-spread
p1,./Annotations\0161.xml,small-spread
p1,./Annotations\0161.xml,small-polygonal
p1,./Annotations\0161.xml,small-polygonal
p1,./Annotations\0161.xml,small-spread
p1,./Annotations\0161.xml,small-polygonal
p1,./Annotations\0161.xml,medium-spread
p1,./Annotations\0161.xml,small-polygonal
p1,./Annotations\0161.xml,medium-spread
p1,./Annotations\0161.xml,medium-spread
p1,./Annotations\0161.xml,small-spread
p1,./Annotations\0161.xml,medium-spread
p1,./Annotations\0161.xml,small-polygonal
p1,./Annotations\0161.xml,small-polygonal
p1,./Annotations\0161.xml,small-polygonal
p1,./Annotations\0161.xml,small-polygonal
p1,./Annotations\0161.xml,medium-polygonal
p1,./Annotations\0166.xml,small-polygonal
p1,./Annotations\0166.xml,small-polygonal
p1,./Annotations\0166.xml,small-polygonal
p1,./Annotations\0166.xml,small-round
p1,./Annotations\0166.xml,medium-spread
p1,./Annotations\0166.xml,small-polygonal
p1,./Annotations\0166.xml,small-polygonal
p1,./Annotations\0166.xml,small-polygonal
p1,./Annotations\0166.xml,medium-spread
p1,./Annotations\0166.xml,medium-polygonal
p1,./Annotations\0166.xml,dividing
p1,./Annotations\0166.xml,dividing
p1,./Annotations\0166.xml,medium-spread
p1,./Annotations\0166.xml,small-polygonal
p1,./Annotations\0166.xml,small-polygonal
p1,./Annotations\0166.xml,medium-spread
p1,./Annotations\0167.xml,small-polygonal
p1,./Annotations\0167.xml,small-polygonal
p1,./Annotations\0167.xml,small-polygonal
p1,./Annotations\0167.xml,small-spread
p1,./Annotations\0167.xml,small-polygonal
p1,./Annotations\0167.xml,small-polygonal
p1,./Annotations\0167.xml,medium-spread
p1,./Annotations\0167.xml,medium-spread
p1,./Annotations\0167.xml,medium-spread
p1,./Annotations\0167.xml,small-polygonal
p1,./Annotations\0167.xml,small-polygonal
p1,./Annotations\0167.xml,small-polygonal
p1,./Annotations\0167.xml,small-polygonal
p1,./Annotations\0167.xml,small-polygonal
p1,./Annotations\0167.xml,small-polygonal
p1,./Annotations\0170.xml,small-polygonal
p1,./Annotations\0170.xml,small-polygonal
p1,./Annotations\0170.xml,small-polygonal
p1,./Annotations\0170.xml,small-polygonal
p1,./Annotations\0170.xml,small-polygonal
p1,./Annotations\0170.xml,dividing
p1,./Annotations\0170.xml,medium-polygonal
p1,./Annotations\0170.xml,medium-polygonal
p1,./Annotations\0170.xml,small-polygonal
p1,./Annotations\0170.xml,small-polygonal
p1,./Annotations\0170.xml,small-polygonal
p1,./Annotations\0171.xml,small-polygonal
p1,./Annotations\0171.xml,small-polygonal
p1,./Annotations\0171.xml,medium-polygonal
p1,./Annotations\0171.xml,small-polygonal
p1,./Annotations\0171.xml,medium-spread
p1,./Annotations\0171.xml,small-polygonal
p1,./Annotations\0171.xml,small-polygonal
p1,./Annotations\0171.xml,dividing
p1,./Annotations\0171.xml,medium-polygonal
p1,./Annotations\0171.xml,small-polygonal
p1,./Annotations\0171.xml,medium-spread
p1,./Annotations\0171.xml,small-polygonal
p1,./Annotations\0171.xml,small-round
p1,./Annotations\0171.xml,small-polygonal
p1,./Annotations\0171.xml,small-polygonal
p1,./Annotations\0171.xml,small-spread
p1,./Annotations\0171.xml,small-polygonal
p1,./Annotations\0171.xml,large-spread
p1,./Annotations\0171.xml,small-polygonal
p1,./Annotations\0174.xml,small-round
p1,./Annotations\0174.xml,small-polygonal
p1,./Annotations\0174.xml,small-spread
p1,./Annotations\0174.xml,small-polygonal
p1,./Annotations\0174.xml,small-polygonal
p1,./Annotations\0174.xml,small-spread
p1,./Annotations\0174.xml,small-polygonal
p1,./Annotations\0174.xml,small-polygonal
p1,./Annotations\0174.xml,medium-polygonal
p1,./Annotations\0174.xml,small-polygonal
p1,./Annotations\0174.xml,small-polygonal
p1,./Annotations\0177.xml,small-polygonal
p1,./Annotations\0177.xml,small-spread
p1,./Annotations\0177.xml,small-polygonal
p1,./Annotations\0177.xml,dividing
p1,./Annotations\0177.xml,dividing
p1,./Annotations\0177.xml,medium-spread
p1,./Annotations\0177.xml,medium-polygonal
p1,./Annotations\0177.xml,medium-polygonal
p1,./Annotations\0177.xml,medium-polygonal
p1,./Annotations\0177.xml,small-round
p1,./Annotations\0181.xml,small-spread
p1,./Annotations\0181.xml,small-polygonal
p1,./Annotations\0181.xml,small-polygonal
p1,./Annotations\0181.xml,small-polygonal
p1,./Annotations\0181.xml,dividing
p1,./Annotations\0181.xml,dividing
p1,./Annotations\0181.xml,small-polygonal
p1,./Annotations\0181.xml,dividing
p1,./Annotations\0181.xml,medium-polygonal
p1,./Annotations\0181.xml,small-polygonal
p1,./Annotations\0181.xml,medium-spread
p1,./Annotations\0181.xml,medium-spread
p1,./Annotations\0183.xml,medium-spread
p1,./Annotations\0183.xml,medium-polygonal
p1,./Annotations\0183.xml,medium-polygonal
p1,./Annotations\0183.xml,medium-spread
p1,./Annotations\0185.xml,medium-spread
p1,./Annotations\0185.xml,medium-polygonal
p1,./Annotations\0185.xml,small-polygonal
p1,./Annotations\0185.xml,small-round
p1,./Annotations\0185.xml,medium-spread
p1,./Annotations\0185.xml,small-polygonal
p1,./Annotations\0185.xml,dividing
p1,./Annotations\0185.xml,medium-polygonal
p1,./Annotations\0185.xml,small-polygonal
p1,./Annotations\0187.xml,dividing
p1,./Annotations\0187.xml,medium-polygonal
p1,./Annotations\0187.xml,small-spread
p1,./Annotations\0187.xml,small-polygonal
p1,./Annotations\0187.xml,small-polygonal
p1,./Annotations\0188.xml,small-polygonal
p1,./Annotations\0188.xml,small-polygonal
p1,./Annotations\0188.xml,small-polygonal
p1,./Annotations\0188.xml,dividing
p1,./Annotations\0188.xml,dividing
p1,./Annotations\0188.xml,medium-spread
p1,./Annotations\0188.xml,small-polygonal
p1,./Annotations\0188.xml,small-polygonal
p1,./Annotations\0190.xml,small-polygonal
p1,./Annotations\0190.xml,small-polygonal
p1,./Annotations\0190.xml,small-polygonal
p1,./Annotations\0190.xml,medium-polygonal
p1,./Annotations\0190.xml,medium-polygonal
p1,./Annotations\0190.xml,medium-polygonal
p1,./Annotations\0190.xml,dividing
p1,./Annotations\0190.xml,small-polygonal
p1,./Annotations\0190.xml,small-polygonal
p1,./Annotations\0190.xml,small-polygonal
p1,./Annotations\0190.xml,small-polygonal
p1,./Annotations\0190.xml,medium-spread
p1,./Annotations\0190.xml,large-spread
p1,./Annotations\0190.xml,dividing
p1,./Annotations\0190.xml,medium-polygonal
p1,./Annotations\0190.xml,medium-polygonal
p1,./Annotations\0195.xml,dividing
p1,./Annotations\0195.xml,small-polygonal
p1,./Annotations\0195.xml,medium-spread
p1,./Annotations\0195.xml,medium-polygonal
p1,./Annotations\0195.xml,medium-polygonal
p1,./Annotations\0195.xml,medium-polygonal
p1,./Annotations\0199.xml,small-polygonal
p1,./Annotations\0199.xml,small-polygonal
p1,./Annotations\0199.xml,small-polygonal
p1,./Annotations\0199.xml,medium-polygonal
p1,./Annotations\0199.xml,medium-polygonal
p1,./Annotations\0199.xml,medium-spread
p1,./Annotations\0199.xml,small-polygonal
p1,./Annotations\0200.xml,small-polygonal
p1,./Annotations\0200.xml,small-polygonal
p1,./Annotations\0200.xml,small-polygonal
p1,./Annotations\0200.xml,small-polygonal
p1,./Annotations\0200.xml,small-polygonal
p1,./Annotations\0200.xml,small-polygonal
p1,./Annotations\0200.xml,medium-spread
p1,./Annotations\0200.xml,small-polygonal
p1,./Annotations\0200.xml,small-polygonal
p1,./Annotations\0200.xml,small-polygonal
p1,./Annotations\0200.xml,small-polygonal
p1,./Annotations\0200.xml,small-polygonal
p1,./Annotations\0200.xml,medium-polygonal
p1,./Annotations\0201.xml,medium-spread
p1,./Annotations\0201.xml,small-polygonal
p1,./Annotations\0201.xml,small-polygonal
p1,./Annotations\0201.xml,medium-polygonal
p1,./Annotations\0201.xml,small-polygonal
p1,./Annotations\0203.xml,small-polygonal
p1,./Annotations\0203.xml,small-polygonal
p1,./Annotations\0203.xml,small-polygonal
p1,./Annotations\0203.xml,medium-spread
p1,./Annotations\0203.xml,medium-spread
p1,./Annotations\0203.xml,small-polygonal
p1,./Annotations\0203.xml,small-polygonal
p1,./Annotations\0203.xml,medium-polygonal
p1,./Annotations\0203.xml,medium-polygonal
p1,./Annotations\0205.xml,small-polygonal
p1,./Annotations\0205.xml,small-polygonal
p1,./Annotations\0205.xml,small-polygonal
p1,./Annotations\0205.xml,small-polygonal
p1,./Annotations\0205.xml,small-polygonal
p1,./Annotations\0205.xml,small-round
p1,./Annotations\0205.xml,medium-polygonal
p1,./Annotations\0205.xml,medium-polygonal
p1,./Annotations\0205.xml,medium-polygonal
p1,./Annotations\0205.xml,medium-spread
p1,./Annotations\0208.xml,medium-spread
p1,./Annotations\0208.xml,medium-spread
p1,./Annotations\0208.xml,medium-spread
p1,./Annotations\0208.xml,medium-polygonal
p1,./Annotations\0208.xml,medium-polygonal
p1,./Annotations\0210.xml,dividing
p1,./Annotations\0210.xml,medium-polygonal
p1,./Annotations\0210.xml,medium-polygonal
p1,./Annotations\0210.xml,medium-polygonal
p1,./Annotations\0210.xml,medium-polygonal
p1,./Annotations\0210.xml,medium-spread
p1,./Annotations\0210.xml,small-spread
p1,./Annotations\0212.xml,small-polygonal
p1,./Annotations\0212.xml,large-spread
p1,./Annotations\0212.xml,small-polygonal
p1,./Annotations\0212.xml,small-polygonal
p1,./Annotations\0212.xml,small-polygonal
p1,./Annotations\0212.xml,small-spread
p1,./Annotations\0212.xml,small-spread
p1,./Annotations\0212.xml,medium-spread
p1,./Annotations\0212.xml,dividing
p1,./Annotations\0212.xml,medium-spread
p1,./Annotations\0219.xml,small-polygonal
p1,./Annotations\0219.xml,small-polygonal
p1,./Annotations\0219.xml,small-polygonal
p1,./Annotations\0219.xml,medium-spread
p1,./Annotations\0219.xml,medium-spread
p1,./Annotations\0219.xml,medium-polygonal
p1,./Annotations\0219.xml,medium-polygonal
p1,./Annotations\0219.xml,small-polygonal
p1,./Annotations\0219.xml,small-polygonal
p1,./Annotations\0219.xml,small-round
p1,./Annotations\0219.xml,small-polygonal
p1,./Annotations\0221.xml,dividing
p1,./Annotations\0221.xml,dividing
p1,./Annotations\0221.xml,small-polygonal
p1,./Annotations\0221.xml,medium-polygonal
p1,./Annotations\0221.xml,small-polygonal
p1,./Annotations\0221.xml,small-polygonal
p1,./Annotations\0221.xml,medium-spread
p1,./Annotations\0221.xml,large-spread
p1,./Annotations\0221.xml,dividing
p1,./Annotations\0221.xml,small-polygonal
p1,./Annotations\0221.xml,medium-spread
p1,./Annotations\0221.xml,medium-polygonal
p1,./Annotations\0221.xml,dividing
p1,./Annotations\0221.xml,medium-polygonal
p1,./Annotations\0221.xml,medium-polygonal
p1,./Annotations\0221.xml,small-polygonal
p1,./Annotations\0224.xml,small-polygonal
p1,./Annotations\0224.xml,small-polygonal
p1,./Annotations\0224.xml,medium-spread
p1,./Annotations\0224.xml,small-round
p1,./Annotations\0224.xml,medium-polygonal
p1,./Annotations\0224.xml,large-spread
p1,./Annotations\0224.xml,large-polygonal
p1,./Annotations\0225.xml,small-polygonal
p1,./Annotations\0225.xml,small-polygonal
p1,./Annotations\0225.xml,small-polygonal
p1,./Annotations\0225.xml,medium-spread
p1,./Annotations\0225.xml,dividing
p1,./Annotations\0225.xml,medium-spread
p1,./Annotations\0225.xml,dividing
p1,./Annotations\0225.xml,small-polygonal
p1,./Annotations\0225.xml,dividing
p1,./Annotations\0225.xml,small-spread
p1,./Annotations\0225.xml,medium-polygonal
p1,./Annotations\0225.xml,small-polygonal
p1,./Annotations\0225.xml,small-polygonal
p1,./Annotations\0225.xml,small-polygonal
p1,./Annotations\0225.xml,small-spread
p1,./Annotations\0225.xml,small-spread
p1,./Annotations\0225.xml,dividing
p1,./Annotations\0227.xml,small-polygonal
p1,./Annotations\0227.xml,small-polygonal
p1,./Annotations\0227.xml,medium-spread
p1,./Annotations\0227.xml,small-polygonal
p1,./Annotations\0227.xml,dividing
p1,./Annotations\0227.xml,small-polygonal
p1,./Annotations\0227.xml,small-polygonal
p1,./Annotations\0227.xml,medium-spread
p1,./Annotations\0227.xml,medium-polygonal
p1,./Annotations\0227.xml,medium-polygonal
p1,./Annotations\0227.xml,medium-polygonal
p1,./Annotations\0227.xml,medium-polygonal
p1,./Annotations\0227.xml,medium-spread
p1,./Annotations\0227.xml,dividing
p1,./Annotations\0227.xml,dividing
p1,./Annotations\0231.xml,small-round
p1,./Annotations\0231.xml,medium-polygonal
p1,./Annotations\0231.xml,small-polygonal
p1,./Annotations\0231.xml,medium-spread
p1,./Annotations\0231.xml,medium-polygonal
p1,./Annotations\0231.xml,dividing
p1,./Annotations\0231.xml,medium-polygonal
p1,./Annotations\0231.xml,medium-spread
p1,./Annotations\0231.xml,medium-spread
p1,./Annotations\0231.xml,medium-polygonal
p1,./Annotations\0231.xml,medium-polygonal
p1,./Annotations\0231.xml,medium-polygonal
p1,./Annotations\0233.xml,medium-polygonal
p1,./Annotations\0233.xml,medium-polygonal
p1,./Annotations\0233.xml,dividing
p1,./Annotations\0233.xml,medium-polygonal
p1,./Annotations\0234.xml,small-polygonal
p1,./Annotations\0234.xml,small-polygonal
p1,./Annotations\0234.xml,small-polygonal
p1,./Annotations\0234.xml,small-polygonal
p1,./Annotations\0234.xml,small-polygonal
p1,./Annotations\0234.xml,small-polygonal
p1,./Annotations\0234.xml,medium-spread
p1,./Annotations\0234.xml,medium-spread
p1,./Annotations\0234.xml,medium-spread
p1,./Annotations\0234.xml,medium-spread
p1,./Annotations\0234.xml,small-polygonal
p1,./Annotations\0234.xml,dividing
p1,./Annotations\0234.xml,medium-polygonal
p1,./Annotations\0237.xml,dividing
p1,./Annotations\0237.xml,small-polygonal
p1,./Annotations\0237.xml,small-polygonal
p1,./Annotations\0237.xml,medium-spread
p1,./Annotations\0237.xml,medium-polygonal
p1,./Annotations\0237.xml,small-spread
p1,./Annotations\0237.xml,small-polygonal
p1,./Annotations\0237.xml,medium-spread
p1,./Annotations\0237.xml,small-polygonal
p1,./Annotations\0237.xml,medium-polygonal
p1,./Annotations\0237.xml,medium-polygonal
p1,./Annotations\0237.xml,medium-polygonal
p1,./Annotations\0237.xml,small-round
p1,./Annotations\0238.xml,small-round
p1,./Annotations\0238.xml,medium-polygonal
p1,./Annotations\0238.xml,medium-polygonal
p1,./Annotations\0238.xml,small-round
p1,./Annotations\0238.xml,dividing
p1,./Annotations\0238.xml,medium-polygonal
p1,./Annotations\0238.xml,small-polygonal
p1,./Annotations\0238.xml,dividing
p1,./Annotations\0238.xml,large-spread
p1,./Annotations\0238.xml,medium-polygonal
p1,./Annotations\0239.xml,dividing
p1,./Annotations\0239.xml,dividing
p1,./Annotations\0239.xml,dividing
p1,./Annotations\0239.xml,small-polygonal
p1,./Annotations\0239.xml,small-spread
p1,./Annotations\0239.xml,small-spread
p1,./Annotations\0239.xml,medium-polygonal
p1,./Annotations\0239.xml,small-round
p1,./Annotations\0239.xml,small-polygonal
p1,./Annotations\0239.xml,small-spread
p1,./Annotations\0242.xml,small-polygonal
p1,./Annotations\0242.xml,small-polygonal
p1,./Annotations\0242.xml,small-spread
p1,./Annotations\0242.xml,small-spread
p1,./Annotations\0243.xml,small-round
p1,./Annotations\0243.xml,medium-polygonal
p1,./Annotations\0243.xml,small-polygonal
p1,./Annotations\0243.xml,small-spread
p1,./Annotations\0243.xml,dividing
p1,./Annotations\0243.xml,medium-spread
p1,./Annotations\0243.xml,medium-polygonal
p1,./Annotations\0243.xml,small-spread
p1,./Annotations\0243.xml,medium-polygonal
p1,./Annotations\0243.xml,dividing
p1,./Annotations\0243.xml,small-polygonal
p1,./Annotations\0243.xml,small-polygonal
p1,./Annotations\0247.xml,small-polygonal
p1,./Annotations\0247.xml,small-round
p1,./Annotations\0247.xml,medium-polygonal
p1,./Annotations\0247.xml,small-polygonal
p1,./Annotations\0247.xml,medium-polygonal
p1,./Annotations\0247.xml,medium-polygonal
p1,./Annotations\0247.xml,medium-polygonal
p1,./Annotations\0247.xml,small-polygonal
p1,./Annotations\0247.xml,small-polygonal
p1,./Annotations\0247.xml,small-spread
p1,./Annotations\0247.xml,small-polygonal
p1,./Annotations\0247.xml,small-spread
p1,./Annotations\0248.xml,small-polygonal
p1,./Annotations\0248.xml,small-polygonal
p1,./Annotations\0248.xml,medium-polygonal
p1,./Annotations\0248.xml,small-round
p1,./Annotations\0249.xml,dividing
p1,./Annotations\0249.xml,small-polygonal
p1,./Annotations\0249.xml,medium-spread
p1,./Annotations\0249.xml,small-polygonal
p1,./Annotations\0254.xml,dividing
p1,./Annotations\0254.xml,medium-spread
p1,./Annotations\0254.xml,dividing
p1,./Annotations\0254.xml,medium-polygonal
p1,./Annotations\0254.xml,medium-polygonal
p1,./Annotations\0254.xml,medium-polygonal
p1,./Annotations\0256.xml,small-polygonal
p1,./Annotations\0256.xml,small-polygonal
p1,./Annotations\0256.xml,small-polygonal
p1,./Annotations\0256.xml,small-polygonal
p1,./Annotations\0257.xml,small-polygonal
p1,./Annotations\0257.xml,small-polygonal
p1,./Annotations\0257.xml,medium-spread
p1,./Annotations\0260.xml,medium-spread
p1,./Annotations\0260.xml,dividing
p1,./Annotations\0260.xml,medium-spread
p1,./Annotations\0260.xml,small-polygonal
p1,./Annotations\0262.xml,small-polygonal
p1,./Annotations\0262.xml,small-polygonal
p1,./Annotations\0262.xml,small-spread
p1,./Annotations\0262.xml,medium-spread
p1,./Annotations\0262.xml,small-polygonal
p1,./Annotations\0263.xml,medium-spread
p1,./Annotations\0263.xml,small-round
p1,./Annotations\0263.xml,medium-polygonal
p1,./Annotations\0263.xml,small-polygonal
p1,./Annotations\0264.xml,dividing
p1,./Annotations\0264.xml,medium-spread
p1,./Annotations\0264.xml,medium-polygonal
p1,./Annotations\0264.xml,medium-spread
p1,./Annotations\0264.xml,small-spread
p1,./Annotations\0264.xml,small-polygonal
p1,./Annotations\0264.xml,small-polygonal
p1,./Annotations\0264.xml,small-polygonal
p1,./Annotations\0264.xml,small-polygonal
p1,./Annotations\0264.xml,small-polygonal
p1,./Annotations\0264.xml,small-polygonal
p1,./Annotations\0264.xml,medium-polygonal
p1,./Annotations\0264.xml,medium-spread
p1,./Annotations\0264.xml,medium-polygonal
p1,./Annotations\0264.xml,medium-spread
p1,./Annotations\0264.xml,medium-spread
p1,./Annotations\0264.xml,medium-polygonal
p1,./Annotations\0264.xml,dividing
p1,./Annotations\0264.xml,small-polygonal
p1,./Annotations\0265.xml,medium-polygonal
p1,./Annotations\0265.xml,small-polygonal
p1,./Annotations\0265.xml,small-polygonal
p1,./Annotations\0265.xml,small-polygonal
p1,./Annotations\0265.xml,small-spread
p1,./Annotations\0265.xml,small-spread
p1,./Annotations\0265.xml,small-spread
p1,./Annotations\0265.xml,small-spread
p1,./Annotations\0265.xml,medium-polygonal
p1,./Annotations\0265.xml,spindle
p1,./Annotations\0265.xml,small-polygonal
p1,./Annotations\0265.xml,small-polygonal
p1,./Annotations\0265.xml,small-polygonal
p1,./Annotations\0265.xml,medium-polygonal
p1,./Annotations\0265.xml,medium-polygonal
p1,./Annotations\0265.xml,medium-polygonal
p1,./Annotations\0265.xml,small-polygonal
p1,./Annotations\0265.xml,medium-spread
p1,./Annotations\0265.xml,small-polygonal
p1,./Annotations\0265.xml,small-polygonal
p1,./Annotations\0265.xml,medium-spread
p1,./Annotations\0266.xml,medium-spread
p1,./Annotations\0266.xml,medium-spread
p1,./Annotations\0266.xml,medium-spread
p1,./Annotations\0266.xml,medium-spread
p1,./Annotations\0266.xml,medium-spread
p1,./Annotations\0266.xml,dividing
p1,./Annotations\0266.xml,medium-polygonal
p1,./Annotations\0266.xml,medium-polygonal
p1,./Annotations\0266.xml,medium-polygonal
p1,./Annotations\0266.xml,medium-polygonal
p1,./Annotations\0266.xml,medium-polygonal
p1,./Annotations\0266.xml,small-polygonal
p1,./Annotations\0266.xml,small-polygonal
p1,./Annotations\0266.xml,small-polygonal
p1,./Annotations\0266.xml,medium-polygonal
p1,./Annotations\0266.xml,small-spread
p1,./Annotations\0266.xml,small-spread
p1,./Annotations\0267.xml,medium-polygonal
p1,./Annotations\0267.xml,small-polygonal
p1,./Annotations\0267.xml,small-polygonal
p1,./Annotations\0267.xml,small-polygonal
p1,./Annotations\0267.xml,small-spread
p1,./Annotations\0267.xml,small-spread
p1,./Annotations\0267.xml,small-polygonal
p1,./Annotations\0267.xml,small-polygonal
p1,./Annotations\0267.xml,small-polygonal
p1,./Annotations\0267.xml,small-polygonal
p1,./Annotations\0267.xml,small-polygonal
p1,./Annotations\0267.xml,small-polygonal
p1,./Annotations\0267.xml,small-polygonal
p1,./Annotations\0267.xml,dividing
p1,./Annotations\0267.xml,small-polygonal
p1,./Annotations\0267.xml,medium-spread
p1,./Annotations\0267.xml,spindle
p1,./Annotations\0267.xml,small-spread
p1,./Annotations\0267.xml,small-polygonal
p1,./Annotations\0267.xml,small-polygonal
p1,./Annotations\0267.xml,medium-spread
p1,./Annotations\0267.xml,medium-polygonal
p1,./Annotations\0267.xml,medium-polygonal
p1,./Annotations\0269.xml,small-polygonal
p1,./Annotations\0269.xml,small-polygonal
p1,./Annotations\0269.xml,small-polygonal
p1,./Annotations\0269.xml,medium-polygonal
p1,./Annotations\0269.xml,dividing
p1,./Annotations\0269.xml,medium-spread
p1,./Annotations\0269.xml,small-polygonal
p1,./Annotations\0269.xml,medium-spread
p1,./Annotations\0269.xml,dividing
p1,./Annotations\0269.xml,small-polygonal
p1,./Annotations\0269.xml,medium-spread
p1,./Annotations\0269.xml,dividing
p1,./Annotations\0269.xml,medium-spread
p1,./Annotations\0269.xml,small-polygonal
p1,./Annotations\0269.xml,small-polygonal
p1,./Annotations\0269.xml,dividing
p1,./Annotations\0269.xml,dividing
p1,./Annotations\0269.xml,dividing
p1,./Annotations\0269.xml,dividing
p1,./Annotations\0271.xml,dividing
p1,./Annotations\0271.xml,dividing
p1,./Annotations\0271.xml,dividing
p1,./Annotations\0271.xml,medium-spread
p1,./Annotations\0271.xml,medium-polygonal
p1,./Annotations\0271.xml,small-polygonal
p1,./Annotations\0271.xml,medium-polygonal
p1,./Annotations\0271.xml,small-polygonal
p1,./Annotations\0271.xml,medium-polygonal
p1,./Annotations\0271.xml,medium-polygonal
p1,./Annotations\0271.xml,medium-polygonal
p1,./Annotations\0271.xml,medium-polygonal
p1,./Annotations\0271.xml,medium-polygonal
p1,./Annotations\0271.xml,medium-polygonal
p1,./Annotations\0271.xml,medium-polygonal
p1,./Annotations\0271.xml,medium-polygonal
p1,./Annotations\0271.xml,medium-polygonal
p1,./Annotations\0271.xml,medium-spread
p1,./Annotations\0271.xml,medium-spread
p1,./Annotations\0274.xml,dividing
p1,./Annotations\0274.xml,dividing
p1,./Annotations\0274.xml,dividing
p1,./Annotations\0274.xml,medium-polygonal
p1,./Annotations\0274.xml,medium-spread
p1,./Annotations\0274.xml,medium-polygonal
p1,./Annotations\0274.xml,medium-polygonal
p1,./Annotations\0274.xml,small-polygonal
p1,./Annotations\0274.xml,small-polygonal
p1,./Annotations\0274.xml,small-polygonal
p1,./Annotations\0274.xml,medium-polygonal
p1,./Annotations\0274.xml,medium-spread
p1,./Annotations\0274.xml,medium-spread
p1,./Annotations\0274.xml,medium-spread
p1,./Annotations\0274.xml,medium-polygonal
p1,./Annotations\0274.xml,small-polygonal
p1,./Annotations\0274.xml,medium-polygonal
p1,./Annotations\0274.xml,medium-polygonal
p1,./Annotations\0277.xml,small-spread
p1,./Annotations\0277.xml,dividing
p1,./Annotations\0277.xml,medium-spread
p1,./Annotations\0277.xml,dividing
p1,./Annotations\0277.xml,medium-spread
p1,./Annotations\0277.xml,medium-polygonal
p1,./Annotations\0277.xml,medium-spread
p1,./Annotations\0277.xml,medium-polygonal
p1,./Annotations\0277.xml,medium-spread
p1,./Annotations\0277.xml,medium-polygonal
p1,./Annotations\0277.xml,medium-polygonal
p1,./Annotations\0277.xml,dividing
p1,./Annotations\0277.xml,small-polygonal
p1,./Annotations\0277.xml,small-polygonal
p1,./Annotations\0277.xml,small-polygonal
p1,./Annotations\0277.xml,medium-spread
p1,./Annotations\0278.xml,dividing
p1,./Annotations\0278.xml,dividing
p1,./Annotations\0278.xml,dividing
p1,./Annotations\0278.xml,medium-polygonal
p1,./Annotations\0278.xml,medium-polygonal
p1,./Annotations\0278.xml,medium-polygonal
p1,./Annotations\0278.xml,medium-spread
p1,./Annotations\0278.xml,medium-spread
p1,./Annotations\0278.xml,small-spread
p1,./Annotations\0278.xml,small-polygonal
p1,./Annotations\0278.xml,medium-spread
p1,./Annotations\0278.xml,medium-spread
p1,./Annotations\0278.xml,small-polygonal
p1,./Annotations\0278.xml,medium-spread
p1,./Annotations\0280.xml,medium-spread
p1,./Annotations\0280.xml,medium-polygonal
p1,./Annotations\0280.xml,small-polygonal
p1,./Annotations\0280.xml,small-polygonal
p1,./Annotations\0280.xml,medium-polygonal
p1,./Annotations\0280.xml,medium-polygonal
p1,./Annotations\0280.xml,medium-polygonal
p1,./Annotations\0280.xml,medium-spread
p1,./Annotations\0280.xml,medium-polygonal
p1,./Annotations\0280.xml,medium-polygonal
p1,./Annotations\0280.xml,dividing
p1,./Annotations\0280.xml,medium-spread
p1,./Annotations\0280.xml,small-polygonal
p1,./Annotations\0280.xml,medium-polygonal
p1,./Annotations\0280.xml,small-polygonal
p1,./Annotations\0280.xml,medium-polygonal
p1,./Annotations\0280.xml,small-polygonal
p1,./Annotations\0281.xml,medium-polygonal
p1,./Annotations\0281.xml,medium-polygonal
p1,./Annotations\0281.xml,medium-polygonal
p1,./Annotations\0281.xml,medium-polygonal
p1,./Annotations\0281.xml,medium-polygonal
p1,./Annotations\0281.xml,dividing
p1,./Annotations\0281.xml,medium-spread
p1,./Annotations\0281.xml,medium-polygonal
p1,./Annotations\0281.xml,medium-polygonal
p1,./Annotations\0281.xml,small-polygonal
p1,./Annotations\0281.xml,small-polygonal
p1,./Annotations\0281.xml,small-polygonal
p1,./Annotations\0281.xml,small-polygonal
p1,./Annotations\0281.xml,small-polygonal
p1,./Annotations\0281.xml,medium-spread
p1,./Annotations\0281.xml,small-polygonal
p1,./Annotations\0281.xml,medium-polygonal
p1,./Annotations\0281.xml,dividing
p1,./Annotations\0281.xml,medium-polygonal
p1,./Annotations\0281.xml,medium-polygonal
p1,./Annotations\0281.xml,small-polygonal
p1,./Annotations\0281.xml,small-polygonal
p1,./Annotations\0281.xml,medium-polygonal
p1,./Annotations\0281.xml,dividing
p1,./Annotations\0284.xml,small-polygonal
p1,./Annotations\0284.xml,small-polygonal
p1,./Annotations\0284.xml,small-polygonal
p1,./Annotations\0284.xml,small-polygonal
p1,./Annotations\0284.xml,medium-polygonal
p1,./Annotations\0284.xml,medium-spread
p1,./Annotations\0284.xml,dividing
p1,./Annotations\0284.xml,medium-polygonal
p1,./Annotations\0284.xml,medium-polygonal
p1,./Annotations\0284.xml,medium-spread
p1,./Annotations\0284.xml,medium-polygonal
p1,./Annotations\0284.xml,small-polygonal
p1,./Annotations\0284.xml,small-polygonal
p1,./Annotations\0284.xml,medium-polygonal
p1,./Annotations\0284.xml,medium-polygonal
p1,./Annotations\0284.xml,medium-polygonal
p1,./Annotations\0284.xml,small-polygonal
p1,./Annotations\0284.xml,small-polygonal
p1,./Annotations\0285.xml,medium-spread
p1,./Annotations\0285.xml,small-spread
p1,./Annotations\0285.xml,small-spread
p1,./Annotations\0285.xml,small-polygonal
p1,./Annotations\0285.xml,small-polygonal
p1,./Annotations\0285.xml,small-spread
p1,./Annotations\0285.xml,small-polygonal
p1,./Annotations\0285.xml,small-polygonal
p1,./Annotations\0285.xml,medium-polygonal
p1,./Annotations\0285.xml,small-polygonal
p1,./Annotations\0285.xml,medium-polygonal
p1,./Annotations\0285.xml,medium-polygonal
p1,./Annotations\0285.xml,medium-spread
p1,./Annotations\0285.xml,dividing
p1,./Annotations\0285.xml,medium-spread
p1,./Annotations\0285.xml,medium-polygonal
p1,./Annotations\0285.xml,small-polygonal
p1,./Annotations\0285.xml,small-polygonal
p1,./Annotations\0285.xml,medium-spread
p1,./Annotations\0285.xml,small-polygonal
p1,./Annotations\0285.xml,dividing
p1,./Annotations\0285.xml,medium-spread
p1,./Annotations\0285.xml,medium-spread
p1,./Annotations\0285.xml,medium-polygonal
p1,./Annotations\0285.xml,small-polygonal
p1,./Annotations\0285.xml,medium-polygonal
p1,./Annotations\0287.xml,small-polygonal
p1,./Annotations\0287.xml,medium-polygonal
p1,./Annotations\0287.xml,medium-polygonal
p1,./Annotations\0287.xml,small-round
p1,./Annotations\0287.xml,medium-spread
p1,./Annotations\0287.xml,small-polygonal
p1,./Annotations\0287.xml,small-polygonal
p1,./Annotations\0287.xml,small-polygonal
p1,./Annotations\0287.xml,small-spread
p1,./Annotations\0287.xml,medium-spread
p1,./Annotations\0287.xml,medium-spread
p1,./Annotations\0287.xml,medium-polygonal
p1,./Annotations\0287.xml,medium-spread
p1,./Annotations\0287.xml,medium-spread
p1,./Annotations\0287.xml,medium-spread
p1,./Annotations\0287.xml,medium-spread
p1,./Annotations\0287.xml,medium-polygonal
p1,./Annotations\0287.xml,dividing
p1,./Annotations\0287.xml,dividing
p1,./Annotations\0287.xml,medium-spread
p1,./Annotations\0287.xml,medium-spread
p1,./Annotations\0287.xml,large-spread
p1,./Annotations\0287.xml,medium-spread
p1,./Annotations\0287.xml,medium-spread
p1,./Annotations\0288.xml,dividing
p1,./Annotations\0288.xml,dividing
p1,./Annotations\0288.xml,dividing
p1,./Annotations\0288.xml,small-spread
p1,./Annotations\0288.xml,medium-spread
p1,./Annotations\0288.xml,large-spread
p1,./Annotations\0289.xml,medium-spread
p1,./Annotations\0289.xml,medium-spread
p1,./Annotations\0290.xml,small-spread
p1,./Annotations\0290.xml,dividing
p1,./Annotations\0290.xml,medium-spread
p1,./Annotations\0290.xml,small-polygonal
p1,./Annotations\0290.xml,small-polygonal
p1,./Annotations\0290.xml,medium-polygonal
p1,./Annotations\0290.xml,medium-spread
p1,./Annotations\0290.xml,small-spread
p1,./Annotations\0290.xml,small-polygonal
p1,./Annotations\0290.xml,medium-spread
p1,./Annotations\0290.xml,dividing
p1,./Annotations\0290.xml,medium-polygonal
p1,./Annotations\0290.xml,medium-spread
p1,./Annotations\0290.xml,small-round
p1,./Annotations\0290.xml,medium-spread
p1,./Annotations\0290.xml,small-polygonal
p1,./Annotations\0290.xml,small-polygonal
p1,./Annotations\0290.xml,dividing
p1,./Annotations\0290.xml,medium-spread
p1,./Annotations\0291.xml,medium-spread
p1,./Annotations\0291.xml,medium-spread
p1,./Annotations\0293.xml,small-polygonal
p1,./Annotations\0293.xml,small-polygonal
p1,./Annotations\0293.xml,small-spread
p1,./Annotations\0293.xml,small-spread
p1,./Annotations\0293.xml,small-spread
p1,./Annotations\0293.xml,medium-spread
p1,./Annotations\0293.xml,medium-spread
p1,./Annotations\0293.xml,small-polygonal
p1,./Annotations\0293.xml,medium-spread
p1,./Annotations\0293.xml,small-spread
p1,./Annotations\0294.xml,small-polygonal
p1,./Annotations\0294.xml,small-spread
p1,./Annotations\0294.xml,small-spread
p1,./Annotations\0294.xml,small-spread
p1,./Annotations\0295.xml,small-polygonal
p1,./Annotations\0295.xml,medium-spread
p1,./Annotations\0295.xml,small-spread
p1,./Annotations\0295.xml,small-spread
p1,./Annotations\0295.xml,small-spread
p1,./Annotations\0295.xml,medium-spread
p1,./Annotations\0295.xml,small-spread
p1,./Annotations\0295.xml,small-spread
p1,./Annotations\0295.xml,small-spread
p1,./Annotations\0295.xml,medium-spread
p1,./Annotations\0295.xml,small-round
p1,./Annotations\0295.xml,small-polygonal
p1,./Annotations\0298.xml,small-polygonal
p1,./Annotations\0298.xml,dividing
p1,./Annotations\0298.xml,dividing
p1,./Annotations\0298.xml,medium-polygonal
p1,./Annotations\0298.xml,medium-spread
p1,./Annotations\0298.xml,small-spread
p1,./Annotations\0298.xml,small-spread
p1,./Annotations\0298.xml,small-spread
p1,./Annotations\0298.xml,dividing
p1,./Annotations\0300.xml,small-polygonal
p1,./Annotations\0300.xml,small-round
p1,./Annotations\0300.xml,dividing
p1,./Annotations\0300.xml,medium-spread
p1,./Annotations\0300.xml,medium-spread
p1,./Annotations\0300.xml,dividing
p1,./Annotations\0300.xml,medium-spread
p1,./Annotations\0300.xml,medium-spread
p1,./Annotations\0300.xml,small-polygonal
p1,./Annotations\0300.xml,small-spread
p1,./Annotations\0300.xml,medium-spread
p1,./Annotations\0300.xml,small-spread
p1,./Annotations\0300.xml,medium-spread
p1,./Annotations\0300.xml,spindle
p1,./Annotations\0301.xml,medium-spread
p1,./Annotations\0301.xml,medium-spread
p1,./Annotations\0301.xml,medium-spread
p1,./Annotations\0301.xml,medium-spread
p1,./Annotations\0301.xml,medium-spread
p1,./Annotations\0301.xml,large-spread
p1,./Annotations\0301.xml,small-polygonal
p1,./Annotations\0302.xml,medium-spread
p1,./Annotations\0302.xml,medium-spread
p1,./Annotations\0302.xml,small-spread
p1,./Annotations\0302.xml,small-polygonal
p1,./Annotations\0302.xml,medium-spread
p1,./Annotations\0302.xml,medium-spread
p1,./Annotations\0302.xml,small-spread
p1,./Annotations\0303.xml,medium-spread
p1,./Annotations\0303.xml,medium-spread
p1,./Annotations\0303.xml,medium-spread
p1,./Annotations\0303.xml,small-polygonal
p1,./Annotations\0303.xml,small-polygonal
p1,./Annotations\0303.xml,small-spread
p1,./Annotations\0303.xml,small-polygonal
p1,./Annotations\0303.xml,small-polygonal
p1,./Annotations\0303.xml,medium-spread
p1,./Annotations\0303.xml,medium-polygonal
p1,./Annotations\0305.xml,medium-polygonal
p1,./Annotations\0305.xml,medium-spread
p1,./Annotations\0305.xml,small-polygonal
p1,./Annotations\0305.xml,small-spread
p1,./Annotations\0305.xml,dividing
p1,./Annotations\0305.xml,medium-polygonal
p1,./Annotations\0305.xml,medium-polygonal
p1,./Annotations\0305.xml,medium-polygonal
p1,./Annotations\0305.xml,large-spread
p1,./Annotations\0305.xml,small-spread
p1,./Annotations\0305.xml,dividing
p1,./Annotations\0305.xml,medium-polygonal
p1,./Annotations\0306.xml,small-polygonal
p1,./Annotations\0306.xml,medium-polygonal
p1,./Annotations\0306.xml,medium-spread
p1,./Annotations\0306.xml,medium-spread
p1,./Annotations\0306.xml,large-spread
p1,./Annotations\0306.xml,small-polygonal
p1,./Annotations\0306.xml,small-polygonal
p1,./Annotations\0306.xml,small-spread
p1,./Annotations\0306.xml,small-polygonal
p1,./Annotations\0306.xml,medium-polygonal
p1,./Annotations\0310.xml,medium-polygonal
p1,./Annotations\0310.xml,medium-polygonal
p1,./Annotations\0310.xml,medium-polygonal
p1,./Annotations\0310.xml,dividing
p1,./Annotations\0310.xml,small-polygonal
p1,./Annotations\0310.xml,medium-spread
p1,./Annotations\0310.xml,medium-polygonal
p1,./Annotations\0310.xml,small-spread
p1,./Annotations\0310.xml,dividing
p1,./Annotations\0310.xml,medium-polygonal
p1,./Annotations\0310.xml,small-polygonal
p1,./Annotations\0313.xml,medium-polygonal
p1,./Annotations\0313.xml,small-polygonal
p1,./Annotations\0313.xml,small-polygonal
p1,./Annotations\0313.xml,medium-polygonal
p1,./Annotations\0313.xml,medium-spread
p1,./Annotations\0313.xml,medium-spread
p1,./Annotations\0313.xml,small-polygonal
p1,./Annotations\0313.xml,dividing
p1,./Annotations\0313.xml,small-spread
p1,./Annotations\0313.xml,small-polygonal
p1,./Annotations\0313.xml,medium-polygonal
p1,./Annotations\0313.xml,medium-spread
p1,./Annotations\0313.xml,dividing
p1,./Annotations\0313.xml,small-spread
p1,./Annotations\0313.xml,dividing
p1,./Annotations\0315.xml,medium-spread
p1,./Annotations\0315.xml,dividing
p1,./Annotations\0315.xml,small-spread
p1,./Annotations\0315.xml,medium-spread
p1,./Annotations\0315.xml,medium-polygonal
p1,./Annotations\0315.xml,small-polygonal
p1,./Annotations\0315.xml,small-polygonal
p1,./Annotations\0315.xml,dividing
p1,./Annotations\0316.xml,medium-polygonal
p1,./Annotations\0316.xml,small-polygonal
p1,./Annotations\0316.xml,small-polygonal
p1,./Annotations\0316.xml,small-spread
p1,./Annotations\0316.xml,small-spread
p1,./Annotations\0316.xml,small-spread
p1,./Annotations\0316.xml,medium-polygonal
p1,./Annotations\0316.xml,medium-spread
p1,./Annotations\0316.xml,dividing
p1,./Annotations\0316.xml,small-polygonal
p1,./Annotations\0316.xml,small-polygonal
p1,./Annotations\0316.xml,dividing
p1,./Annotations\0316.xml,small-spread
p1,./Annotations\0316.xml,dividing
p1,./Annotations\0319.xml,medium-spread
p1,./Annotations\0319.xml,small-polygonal
p1,./Annotations\0320.xml,medium-spread
p1,./Annotations\0320.xml,small-spread
p1,./Annotations\0320.xml,small-polygonal
p1,./Annotations\0320.xml,small-polygonal
p1,./Annotations\0320.xml,medium-spread
p1,./Annotations\0320.xml,dividing
p1,./Annotations\0320.xml,dividing
p1,./Annotations\0320.xml,dividing
p1,./Annotations\0320.xml,dividing
p1,./Annotations\0320.xml,medium-spread
p1,./Annotations\0320.xml,small-polygonal
p1,./Annotations\0321.xml,dividing
p1,./Annotations\0321.xml,small-polygonal
p1,./Annotations\0321.xml,medium-spread
p1,./Annotations\0321.xml,dividing
p1,./Annotations\0323.xml,medium-polygonal
p1,./Annotations\0323.xml,medium-polygonal
p1,./Annotations\0323.xml,small-polygonal
p1,./Annotations\0323.xml,small-polygonal
p1,./Annotations\0323.xml,small-spread
p1,./Annotations\0323.xml,small-polygonal
p1,./Annotations\0323.xml,small-spread
p1,./Annotations\0325.xml,dividing
p1,./Annotations\0325.xml,medium-spread
p1,./Annotations\0325.xml,dividing
p1,./Annotations\0325.xml,dividing
p1,./Annotations\0325.xml,small-spread
p1,./Annotations\0325.xml,small-spread
p1,./Annotations\0325.xml,small-polygonal
p1,./Annotations\0325.xml,small-polygonal
p1,./Annotations\0325.xml,medium-spread
p1,./Annotations\0325.xml,small-spread
p1,./Annotations\0325.xml,small-polygonal
p1,./Annotations\0325.xml,medium-spread
p1,./Annotations\0325.xml,medium-spread
p1,./Annotations\0328.xml,medium-polygonal
p1,./Annotations\0328.xml,medium-spread
p1,./Annotations\0328.xml,medium-polygonal
p1,./Annotations\0328.xml,medium-spread
p1,./Annotations\0328.xml,dividing
p1,./Annotations\0328.xml,medium-polygonal
p1,./Annotations\0328.xml,medium-polygonal
p1,./Annotations\0331.xml,medium-polygonal
p1,./Annotations\0331.xml,small-spread
p1,./Annotations\0331.xml,medium-spread
p1,./Annotations\0331.xml,dividing
p1,./Annotations\0331.xml,small-polygonal
p1,./Annotations\0331.xml,medium-spread
p1,./Annotations\0331.xml,small-polygonal
p1,./Annotations\0331.xml,small-polygonal
p1,./Annotations\0331.xml,dividing
p1,./Annotations\0331.xml,small-polygonal
p1,./Annotations\0333.xml,small-polygonal
p1,./Annotations\0333.xml,medium-polygonal
p1,./Annotations\0333.xml,small-polygonal
p1,./Annotations\0333.xml,small-polygonal
p1,./Annotations\0333.xml,small-spread
p1,./Annotations\0333.xml,small-spread
p1,./Annotations\0333.xml,dividing
p1,./Annotations\0333.xml,small-polygonal
p1,./Annotations\0334.xml,small-polygonal
p1,./Annotations\0334.xml,medium-polygonal
p1,./Annotations\0334.xml,dividing
p1,./Annotations\0334.xml,medium-spread
p1,./Annotations\0334.xml,medium-polygonal
p1,./Annotations\0334.xml,dividing
p1,./Annotations\0334.xml,small-polygonal
p1,./Annotations\0334.xml,small-polygonal
p1,./Annotations\0334.xml,medium-spread
p1,./Annotations\0335.xml,dividing
p1,./Annotations\0336.xml,medium-spread
p1,./Annotations\0336.xml,medium-spread
p1,./Annotations\0336.xml,small-polygonal
p1,./Annotations\0336.xml,medium-polygonal
p1,./Annotations\0336.xml,dividing
p1,./Annotations\0336.xml,medium-polygonal
p1,./Annotations\0336.xml,medium-spread
p1,./Annotations\0336.xml,small-spread
p1,./Annotations\0336.xml,medium-spread
p1,./Annotations\0336.xml,dividing
p1,./Annotations\0336.xml,small-polygonal
p1,./Annotations\0339.xml,medium-polygonal
p1,./Annotations\0339.xml,medium-polygonal
p1,./Annotations\0339.xml,medium-polygonal
p1,./Annotations\0339.xml,dividing
p1,./Annotations\0339.xml,small-polygonal
p1,./Annotations\0339.xml,medium-spread
p1,./Annotations\0339.xml,medium-polygonal
p1,./Annotations\0339.xml,medium-spread
p1,./Annotations\0339.xml,medium-spread
p1,./Annotations\0340.xml,dividing
p1,./Annotations\0340.xml,dividing
p1,./Annotations\0340.xml,medium-spread
p1,./Annotations\0340.xml,medium-polygonal
p1,./Annotations\0340.xml,medium-spread
p1,./Annotations\0340.xml,dividing
p1,./Annotations\0340.xml,medium-polygonal
p1,./Annotations\0340.xml,medium-spread
p1,./Annotations\0340.xml,medium-spread
p1,./Annotations\0340.xml,small-spread
p1,./Annotations\0340.xml,small-polygonal
p1,./Annotations\0340.xml,small-spread
p1,./Annotations\0340.xml,small-spread
p1,./Annotations\0340.xml,small-spread
p1,./Annotations\0340.xml,small-spread
p1,./Annotations\0340.xml,medium-spread
p1,./Annotations\0343.xml,dividing
p1,./Annotations\0343.xml,medium-spread
p1,./Annotations\0343.xml,small-polygonal
p1,./Annotations\0343.xml,small-polygonal
p1,./Annotations\0343.xml,medium-spread
p1,./Annotations\0343.xml,dividing
p1,./Annotations\0343.xml,medium-spread
p1,./Annotations\0343.xml,medium-polygonal
p1,./Annotations\0343.xml,small-polygonal
p1,./Annotations\0343.xml,dividing
p1,./Annotations\0343.xml,small-spread
p1,./Annotations\0343.xml,medium-spread
p1,./Annotations\0348.xml,dividing
p1,./Annotations\0348.xml,small-spread
p1,./Annotations\0348.xml,small-polygonal
p1,./Annotations\0348.xml,medium-polygonal
p1,./Annotations\0348.xml,medium-spread
p1,./Annotations\0348.xml,small-polygonal
p1,./Annotations\0348.xml,medium-spread
p1,./Annotations\0348.xml,small-polygonal
p1,./Annotations\0348.xml,medium-polygonal
p1,./Annotations\0348.xml,large-spread
p1,./Annotations\0348.xml,medium-spread
p1,./Annotations\0348.xml,medium-spread
p1,./Annotations\0348.xml,small-polygonal
p1,./Annotations\0348.xml,small-polygonal
p1,./Annotations\0348.xml,small-spread
p1,./Annotations\0348.xml,dividing
p1,./Annotations\0348.xml,small-spread
p1,./Annotations\0349.xml,dividing
p1,./Annotations\0349.xml,medium-polygonal
p1,./Annotations\0349.xml,medium-spread
p1,./Annotations\0349.xml,small-polygonal
p1,./Annotations\0349.xml,small-round
p1,./Annotations\0349.xml,medium-polygonal
p1,./Annotations\0349.xml,medium-spread
p1,./Annotations\0350.xml,small-polygonal
p1,./Annotations\0350.xml,medium-polygonal
p1,./Annotations\0350.xml,small-spread
p1,./Annotations\0350.xml,small-polygonal
p1,./Annotations\0350.xml,small-polygonal
p1,./Annotations\0350.xml,small-polygonal
p1,./Annotations\0350.xml,small-spread
p1,./Annotations\0350.xml,medium-spread
p1,./Annotations\0350.xml,medium-spread
p1,./Annotations\0350.xml,small-polygonal
p1,./Annotations\0350.xml,dividing
p1,./Annotations\0350.xml,dividing
p1,./Annotations\0350.xml,small-spread
p1,./Annotations\0350.xml,dividing
p1,./Annotations\0351.xml,medium-polygonal
p1,./Annotations\0351.xml,small-spread
p1,./Annotations\0351.xml,small-spread
p1,./Annotations\0351.xml,small-polygonal
p1,./Annotations\0351.xml,small-spread
p1,./Annotations\0351.xml,small-polygonal
p1,./Annotations\0352.xml,small-polygonal
p1,./Annotations\0352.xml,small-spread
p1,./Annotations\0352.xml,medium-spread
p1,./Annotations\0352.xml,small-polygonal
p1,./Annotations\0352.xml,medium-spread
p1,./Annotations\0352.xml,small-polygonal
p1,./Annotations\0352.xml,small-polygonal
p1,./Annotations\0352.xml,small-spread
p1,./Annotations\0352.xml,medium-polygonal
p1,./Annotations\0352.xml,medium-polygonal
p1,./Annotations\0352.xml,large-spread
p1,./Annotations\0352.xml,small-polygonal
p1,./Annotations\0352.xml,medium-polygonal
p1,./Annotations\0352.xml,small-spread
p1,./Annotations\0354.xml,medium-polygonal
p1,./Annotations\0354.xml,small-spread
p1,./Annotations\0354.xml,medium-spread
p1,./Annotations\0354.xml,small-round
p1,./Annotations\0354.xml,small-round
p1,./Annotations\0354.xml,small-spread
p1,./Annotations\0354.xml,small-spread
p1,./Annotations\0354.xml,medium-polygonal
p1,./Annotations\0354.xml,dividing
p1,./Annotations\0354.xml,medium-polygonal
p1,./Annotations\0354.xml,dividing
p1,./Annotations\0354.xml,medium-spread
p1,./Annotations\0355.xml,medium-spread
p1,./Annotations\0355.xml,medium-spread
p1,./Annotations\0355.xml,small-spread
p1,./Annotations\0355.xml,small-spread
p1,./Annotations\0355.xml,medium-polygonal
p1,./Annotations\0355.xml,small-spread
p1,./Annotations\0355.xml,dividing
p1,./Annotations\0357.xml,dividing
p1,./Annotations\0357.xml,small-polygonal
p1,./Annotations\0357.xml,medium-spread
p1,./Annotations\0357.xml,medium-spread
p1,./Annotations\0357.xml,medium-spread
p1,./Annotations\0357.xml,medium-spread
p1,./Annotations\0357.xml,medium-spread
p1,./Annotations\0357.xml,small-polygonal
p1,./Annotations\0357.xml,dividing
p1,./Annotations\0357.xml,medium-spread
p1,./Annotations\0357.xml,medium-polygonal
p1,./Annotations\0357.xml,small-spread
p1,./Annotations\0357.xml,dividing
p1,./Annotations\0357.xml,medium-polygonal
p1,./Annotations\0360.xml,medium-polygonal
p1,./Annotations\0360.xml,medium-polygonal
p1,./Annotations\0360.xml,medium-polygonal
p1,./Annotations\0360.xml,small-spread
p1,./Annotations\0360.xml,medium-spread
p1,./Annotations\0360.xml,medium-polygonal
p1,./Annotations\0360.xml,small-spread
p1,./Annotations\0360.xml,medium-polygonal
p1,./Annotations\0360.xml,small-polygonal
p1,./Annotations\0361.xml,medium-spread
p1,./Annotations\0361.xml,small-spread
p1,./Annotations\0361.xml,small-spread
p1,./Annotations\0361.xml,medium-spread
p1,./Annotations\0361.xml,medium-polygonal
p1,./Annotations\0361.xml,dividing
p1,./Annotations\0361.xml,small-polygonal
p1,./Annotations\0361.xml,small-spread
p1,./Annotations\0361.xml,medium-spread
p1,./Annotations\0361.xml,medium-spread
p1,./Annotations\0361.xml,small-polygonal
p1,./Annotations\0361.xml,small-polygonal
p1,./Annotations\0361.xml,small-spread
p1,./Annotations\0361.xml,medium-spread
p1,./Annotations\0361.xml,small-polygonal
p1,./Annotations\0361.xml,medium-polygonal
p1,./Annotations\0361.xml,medium-spread
p1,./Annotations\0362.xml,small-polygonal
p1,./Annotations\0362.xml,small-spread
p1,./Annotations\0362.xml,medium-polygonal
p1,./Annotations\0362.xml,small-polygonal
p1,./Annotations\0362.xml,small-round
p1,./Annotations\0362.xml,small-polygonal
p1,./Annotations\0362.xml,medium-spread
p1,./Annotations\0363.xml,small-spread
p1,./Annotations\0363.xml,medium-spread
p1,./Annotations\0363.xml,medium-polygonal
p1,./Annotations\0363.xml,small-polygonal
p1,./Annotations\0363.xml,medium-polygonal
p1,./Annotations\0363.xml,small-polygonal
p1,./Annotations\0363.xml,medium-polygonal
p1,./Annotations\0363.xml,medium-polygonal
p1,./Annotations\0363.xml,dividing
p1,./Annotations\0363.xml,medium-spread
p1,./Annotations\0363.xml,medium-spread
p1,./Annotations\0367.xml,medium-polygonal
p1,./Annotations\0367.xml,small-polygonal
p1,./Annotations\0367.xml,small-polygonal
p1,./Annotations\0367.xml,small-polygonal
p1,./Annotations\0367.xml,medium-spread
p1,./Annotations\0367.xml,large-spread
p1,./Annotations\0367.xml,medium-polygonal
p1,./Annotations\0367.xml,medium-spread
p1,./Annotations\0367.xml,small-spread
p1,./Annotations\0367.xml,dividing
p1,./Annotations\0367.xml,small-polygonal
p1,./Annotations\0367.xml,small-spread
p1,./Annotations\0367.xml,medium-polygonal
p1,./Annotations\0367.xml,small-spread
p1,./Annotations\0370.xml,small-spread
p1,./Annotations\0370.xml,small-polygonal
p1,./Annotations\0370.xml,small-polygonal
p1,./Annotations\0370.xml,medium-polygonal
p1,./Annotations\0370.xml,dividing
p1,./Annotations\0370.xml,medium-spread
p1,./Annotations\0370.xml,small-spread
p1,./Annotations\0370.xml,dividing
p1,./Annotations\0370.xml,small-spread
p1,./Annotations\0373.xml,medium-spread
p1,./Annotations\0373.xml,medium-polygonal
p1,./Annotations\0373.xml,spindle
p1,./Annotations\0373.xml,medium-spread
p1,./Annotations\0373.xml,small-round
p1,./Annotations\0373.xml,medium-spread
p1,./Annotations\0374.xml,dividing
p1,./Annotations\0374.xml,medium-spread
p1,./Annotations\0374.xml,small-polygonal
p1,./Annotations\0374.xml,medium-spread
p1,./Annotations\0374.xml,small-round
p1,./Annotations\0376.xml,dividing
p1,./Annotations\0378.xml,medium-spread
p1,./Annotations\0378.xml,medium-spread
p1,./Annotations\0378.xml,dividing
p1,./Annotations\0378.xml,medium-spread
p1,./Annotations\0378.xml,medium-spread
p1,./Annotations\0379.xml,dividing
p1,./Annotations\0379.xml,dividing
p1,./Annotations\0379.xml,small-polygonal
p1,./Annotations\0379.xml,medium-spread
p1,./Annotations\0379.xml,medium-spread
p1,./Annotations\0379.xml,dividing
p1,./Annotations\0379.xml,medium-spread
p1,./Annotations\0379.xml,medium-polygonal
p1,./Annotations\0379.xml,medium-spread
p1,./Annotations\0379.xml,medium-spread
p1,./Annotations\0383.xml,medium-spread
p1,./Annotations\0383.xml,medium-spread
p1,./Annotations\0383.xml,small-spread
p1,./Annotations\0383.xml,small-spread
p1,./Annotations\0383.xml,dividing
p1,./Annotations\0383.xml,small-polygonal
p1,./Annotations\0383.xml,medium-spread
p1,./Annotations\0383.xml,small-round
p1,./Annotations\0383.xml,small-round
p1,./Annotations\0386.xml,dividing
p1,./Annotations\0386.xml,medium-polygonal
p1,./Annotations\0386.xml,medium-polygonal
p1,./Annotations\0386.xml,medium-spread
p1,./Annotations\0386.xml,small-polygonal
p1,./Annotations\0386.xml,small-spread
p1,./Annotations\0386.xml,dividing
p1,./Annotations\0386.xml,medium-spread
p1,./Annotations\0386.xml,medium-spread
p1,./Annotations\0386.xml,small-polygonal
p1,./Annotations\0386.xml,medium-spread
p1,./Annotations\0390.xml,medium-polygonal
p1,./Annotations\0390.xml,dividing
p1,./Annotations\0390.xml,small-polygonal
p1,./Annotations\0390.xml,small-polygonal
p1,./Annotations\0390.xml,small-spread
p1,./Annotations\0390.xml,small-polygonal
p1,./Annotations\0390.xml,medium-spread
p1,./Annotations\0390.xml,dividing
p1,./Annotations\0390.xml,medium-spread
p1,./Annotations\0390.xml,small-polygonal
p1,./Annotations\0390.xml,small-polygonal
p1,./Annotations\0394.xml,medium-spread
p1,./Annotations\0394.xml,medium-polygonal
p1,./Annotations\0394.xml,medium-spread
p1,./Annotations\0394.xml,dividing
p1,./Annotations\0394.xml,medium-spread
p1,./Annotations\0394.xml,medium-spread
p1,./Annotations\0394.xml,medium-spread
p1,./Annotations\0394.xml,medium-spread
p1,./Annotations\0394.xml,medium-spread
p1,./Annotations\0394.xml,medium-spread
p1,./Annotations\0394.xml,medium-polygonal
p1,./Annotations\0394.xml,medium-polygonal
p1,./Annotations\0397.xml,medium-spread
p1,./Annotations\0397.xml,medium-spread
p1,./Annotations\0397.xml,medium-spread
p1,./Annotations\0397.xml,medium-spread
p1,./Annotations\0397.xml,medium-polygonal
p1,./Annotations\0397.xml,small-polygonal
p1,./Annotations\0397.xml,dividing
p1,./Annotations\0397.xml,medium-spread
p1,./Annotations\0397.xml,medium-spread
p1,./Annotations\0397.xml,medium-spread
p1,./Annotations\0397.xml,small-round
p1,./Annotations\0397.xml,medium-spread
p1,./Annotations\0399.xml,small-spread
p1,./Annotations\0399.xml,small-polygonal
p1,./Annotations\0399.xml,dividing
p1,./Annotations\0399.xml,dividing
p1,./Annotations\0400.xml,medium-spread
p1,./Annotations\0400.xml,small-spread
p1,./Annotations\0400.xml,medium-spread
p1,./Annotations\0400.xml,small-spread
p1,./Annotations\0402.xml,medium-spread
p1,./Annotations\0402.xml,medium-spread
p1,./Annotations\0402.xml,small-spread
p1,./Annotations\0402.xml,small-spread
p1,./Annotations\0404.xml,medium-spread
p1,./Annotations\0404.xml,small-spread
p1,./Annotations\0404.xml,medium-spread
p1,./Annotations\0404.xml,small-spread
p1,./Annotations\0404.xml,medium-spread
p1,./Annotations\0404.xml,small-spread
p1,./Annotations\0407.xml,dividing
p1,./Annotations\0407.xml,dividing
p1,./Annotations\0407.xml,small-spread
p1,./Annotations\0407.xml,small-spread
p1,./Annotations\0407.xml,small-round
p1,./Annotations\0407.xml,medium-spread
p1,./Annotations\0407.xml,medium-spread
p1,./Annotations\0407.xml,dividing
p1,./Annotations\0407.xml,medium-polygonal
p1,./Annotations\0409.xml,medium-spread
p1,./Annotations\0409.xml,small-polygonal
p1,./Annotations\0409.xml,small-polygonal
p1,./Annotations\0409.xml,medium-spread
p1,./Annotations\0409.xml,dividing
p1,./Annotations\0409.xml,medium-spread
p1,./Annotations\0409.xml,medium-spread
p1,./Annotations\0409.xml,medium-spread
p1,./Annotations\0409.xml,medium-spread
p1,./Annotations\0413.xml,medium-spread
p1,./Annotations\0413.xml,medium-spread
p1,./Annotations\0413.xml,medium-spread
p1,./Annotations\0413.xml,medium-spread
p1,./Annotations\0413.xml,small-polygonal
p1,./Annotations\0413.xml,spindle
p1,./Annotations\0413.xml,small-spread
p1,./Annotations\0414.xml,medium-spread
p1,./Annotations\0414.xml,medium-spread
p1,./Annotations\0414.xml,small-spread
p1,./Annotations\0414.xml,medium-polygonal
p1,./Annotations\0414.xml,small-spread
p1,./Annotations\0414.xml,medium-polygonal
p1,./Annotations\0416.xml,medium-polygonal
p1,./Annotations\0416.xml,small-polygonal
p1,./Annotations\0416.xml,small-spread
p1,./Annotations\0416.xml,small-polygonal
p1,./Annotations\0416.xml,small-spread
p1,./Annotations\0416.xml,small-spread
p1,./Annotations\0417.xml,dividing
p1,./Annotations\0417.xml,medium-polygonal
p1,./Annotations\0417.xml,medium-spread
p1,./Annotations\0417.xml,medium-spread
p1,./Annotations\0417.xml,small-spread
p1,./Annotations\0417.xml,medium-spread
p1,./Annotations\0418.xml,medium-spread
p1,./Annotations\0418.xml,medium-spread
p1,./Annotations\0419.xml,medium-spread
p1,./Annotations\0419.xml,medium-spread
p1,./Annotations\0419.xml,small-round
p1,./Annotations\1038.xml,small-spread
p1,./Annotations\1038.xml,medium-polygonal
p1,./Annotations\1038.xml,large-spread
p1,./Annotations\1038.xml,large-spread
p1,./Annotations\1043.xml,dividing
p1,./Annotations\1043.xml,dividing
p1,./Annotations\1043.xml,dividing
p1,./Annotations\1043.xml,medium-spread
p1,./Annotations\1043.xml,medium-polygonal
p1,./Annotations\1043.xml,medium-polygonal
p1,./Annotations\1045.xml,dividing
p1,./Annotations\1045.xml,dividing
p1,./Annotations\1045.xml,medium-spread
p1,./Annotations\1045.xml,medium-spread
p1,./Annotations\1045.xml,medium-spread
p1,./Annotations\1045.xml,medium-spread
p1,./Annotations\1045.xml,medium-spread
p1,./Annotations\1045.xml,medium-polygonal
p1,./Annotations\1047.xml,medium-spread
p1,./Annotations\1047.xml,medium-polygonal
p1,./Annotations\1049.xml,medium-polygonal
p1,./Annotations\1049.xml,large-spread
p1,./Annotations\1049.xml,medium-spread
p1,./Annotations\1049.xml,small-polygonal
p1,./Annotations\1049.xml,small-polygonal
p1,./Annotations\1050.xml,medium-spread
p1,./Annotations\1050.xml,medium-polygonal
p1,./Annotations\1050.xml,medium-polygonal
p1,./Annotations\1050.xml,medium-polygonal
p1,./Annotations\1054.xml,dividing
p1,./Annotations\1054.xml,dividing
p1,./Annotations\1054.xml,medium-polygonal
p1,./Annotations\1054.xml,medium-polygonal
p1,./Annotations\1054.xml,medium-spread
p1,./Annotations\1054.xml,small-spread
p1,./Annotations\1054.xml,small-polygonal
p1,./Annotations\1054.xml,medium-polygonal
p1,./Annotations\1054.xml,medium-polygonal
p1,./Annotations\1054.xml,medium-spread
p1,./Annotations\1054.xml,small-spread
p1,./Annotations\1054.xml,small-polygonal
p1,./Annotations\1054.xml,medium-polygonal
p1,./Annotations\1054.xml,small-polygonal
p1,./Annotations\1054.xml,small-spread
p1,./Annotations\1054.xml,large-spread
p1,./Annotations\1056.xml,medium-polygonal
p1,./Annotations\1056.xml,medium-polygonal
p1,./Annotations\1056.xml,small-spread
p1,./Annotations\1056.xml,small-polygonal
p1,./Annotations\1056.xml,dividing
p1,./Annotations\1056.xml,dividing
p1,./Annotations\1056.xml,large-spread
p1,./Annotations\1056.xml,medium-spread
p1,./Annotations\1056.xml,medium-polygonal
p1,./Annotations\1056.xml,medium-polygonal
p1,./Annotations\1056.xml,medium-polygonal
p1,./Annotations\1056.xml,small-spread
p1,./Annotations\1056.xml,medium-spread
p1,./Annotations\1056.xml,medium-spread
p1,./Annotations\1057.xml,medium-spread
p1,./Annotations\1057.xml,medium-polygonal
p1,./Annotations\1057.xml,small-spread
p1,./Annotations\1059.xml,dividing
p1,./Annotations\1059.xml,dividing
p1,./Annotations\1059.xml,medium-spread
p1,./Annotations\1059.xml,large-spread
p1,./Annotations\1059.xml,medium-polygonal
p1,./Annotations\1059.xml,medium-spread
p1,./Annotations\1059.xml,medium-polygonal
p1,./Annotations\1059.xml,dividing
p1,./Annotations\1059.xml,medium-polygonal
p1,./Annotations\1059.xml,medium-polygonal
p1,./Annotations\1060.xml,dividing
p1,./Annotations\1060.xml,dividing
p1,./Annotations\1060.xml,medium-polygonal
p1,./Annotations\1060.xml,dividing
p1,./Annotations\1060.xml,medium-spread
p1,./Annotations\1060.xml,medium-polygonal
p1,./Annotations\1060.xml,large-spread
p1,./Annotations\1060.xml,medium-polygonal
p1,./Annotations\1060.xml,dividing
p1,./Annotations\1060.xml,large-spread
p1,./Annotations\1060.xml,large-spread
p1,./Annotations\1060.xml,medium-polygonal
p1,./Annotations\1060.xml,medium-polygonal
p1,./Annotations\1060.xml,medium-spread
p1,./Annotations\1060.xml,dividing
p1,./Annotations\1060.xml,medium-spread
p1,./Annotations\1060.xml,large-spread
p1,./Annotations\1060.xml,small-polygonal
p1,./Annotations\1064.xml,dividing
p1,./Annotations\1064.xml,dividing
p1,./Annotations\1064.xml,dividing
p1,./Annotations\1064.xml,dividing
p1,./Annotations\1064.xml,dividing
p1,./Annotations\1064.xml,dividing
p1,./Annotations\1064.xml,medium-spread
p1,./Annotations\1064.xml,medium-spread
p1,./Annotations\1064.xml,medium-spread
p1,./Annotations\1064.xml,small-polygonal
p1,./Annotations\1064.xml,medium-spread
p1,./Annotations\1064.xml,medium-polygonal
p1,./Annotations\1064.xml,medium-polygonal
p1,./Annotations\1064.xml,medium-polygonal
p1,./Annotations\1064.xml,medium-polygonal
p1,./Annotations\1064.xml,medium-spread
p1,./Annotations\1067.xml,medium-polygonal
p1,./Annotations\1067.xml,medium-spread
p1,./Annotations\1067.xml,dividing
p1,./Annotations\1067.xml,dividing
p1,./Annotations\1067.xml,dividing
p1,./Annotations\1067.xml,medium-spread
p1,./Annotations\1067.xml,medium-polygonal
p1,./Annotations\1067.xml,medium-spread
p1,./Annotations\1067.xml,medium-spread
p1,./Annotations\1067.xml,medium-polygonal
p1,./Annotations\1067.xml,large-spread
p1,./Annotations\1067.xml,medium-spread
p1,./Annotations\1067.xml,medium-spread
p1,./Annotations\1070.xml,medium-polygonal
p1,./Annotations\1070.xml,small-spread
p1,./Annotations\1070.xml,dividing
p1,./Annotations\1070.xml,large-spread
p1,./Annotations\1070.xml,medium-spread
p1,./Annotations\1070.xml,medium-spread
p1,./Annotations\1070.xml,medium-spread
p1,./Annotations\1070.xml,medium-spread
p1,./Annotations\1070.xml,medium-spread
p1,./Annotations\1070.xml,medium-polygonal
p1,./Annotations\1070.xml,small-spread
p1,./Annotations\1072.xml,small-polygonal
p1,./Annotations\1072.xml,small-polygonal
p1,./Annotations\1072.xml,small-polygonal
p1,./Annotations\1072.xml,medium-polygonal
p1,./Annotations\1072.xml,medium-spread
p1,./Annotations\1072.xml,small-polygonal
p1,./Annotations\1072.xml,medium-polygonal
p1,./Annotations\1072.xml,dividing
p1,./Annotations\1072.xml,dividing
p1,./Annotations\1072.xml,small-polygonal
p1,./Annotations\1072.xml,small-polygonal
p1,./Annotations\1072.xml,small-polygonal
p1,./Annotations\1072.xml,medium-polygonal
p1,./Annotations\1072.xml,medium-polygonal
p1,./Annotations\1072.xml,dividing
p1,./Annotations\1072.xml,medium-spread
p1,./Annotations\1074.xml,medium-spread
p1,./Annotations\1074.xml,medium-polygonal
p1,./Annotations\1074.xml,medium-polygonal
p1,./Annotations\1074.xml,medium-polygonal
p1,./Annotations\1074.xml,small-polygonal
p1,./Annotations\1074.xml,small-polygonal
p1,./Annotations\1074.xml,small-polygonal
p1,./Annotations\1074.xml,dividing
p1,./Annotations\1074.xml,medium-polygonal
p1,./Annotations\1074.xml,dividing
p1,./Annotations\1074.xml,medium-polygonal
p1,./Annotations\1078.xml,medium-polygonal
p1,./Annotations\1078.xml,dividing
p1,./Annotations\1078.xml,small-polygonal
p1,./Annotations\1078.xml,medium-polygonal
p1,./Annotations\1078.xml,medium-spread
p1,./Annotations\1078.xml,small-spread
p1,./Annotations\1078.xml,medium-spread
p1,./Annotations\1078.xml,small-polygonal
p1,./Annotations\1078.xml,small-polygonal
p1,./Annotations\1078.xml,medium-polygonal
p1,./Annotations\1078.xml,small-polygonal
p1,./Annotations\1079.xml,dividing
p1,./Annotations\1079.xml,small-polygonal
p1,./Annotations\1079.xml,small-polygonal
p1,./Annotations\1079.xml,small-polygonal
p1,./Annotations\1079.xml,small-polygonal
p1,./Annotations\1079.xml,small-polygonal
p1,./Annotations\1079.xml,medium-spread
p1,./Annotations\1079.xml,medium-spread
p1,./Annotations\1079.xml,small-round
p1,./Annotations\1079.xml,medium-spread
p1,./Annotations\1079.xml,small-polygonal
p1,./Annotations\1080.xml,small-polygonal
p1,./Annotations\1080.xml,small-polygonal
p1,./Annotations\1080.xml,small-spread
p1,./Annotations\1080.xml,medium-polygonal
p1,./Annotations\1080.xml,medium-polygonal
p1,./Annotations\1080.xml,medium-polygonal
p1,./Annotations\1080.xml,medium-polygonal
p1,./Annotations\1080.xml,dividing
p1,./Annotations\1080.xml,medium-spread
p1,./Annotations\1080.xml,medium-spread
p1,./Annotations\1080.xml,small-spread
p1,./Annotations\1080.xml,medium-polygonal
p1,./Annotations\1080.xml,small-spread
p1,./Annotations\1080.xml,medium-polygonal
p1,./Annotations\1080.xml,small-polygonal
p1,./Annotations\1080.xml,small-polygonal
p1,./Annotations\1080.xml,small-polygonal
p1,./Annotations\1080.xml,small-polygonal
p1,./Annotations\1080.xml,small-polygonal
p1,./Annotations\1080.xml,medium-polygonal
p1,./Annotations\1083.xml,small-polygonal
p1,./Annotations\1083.xml,small-polygonal
p1,./Annotations\1083.xml,small-polygonal
p1,./Annotations\1083.xml,medium-polygonal
p1,./Annotations\1083.xml,medium-polygonal
p1,./Annotations\1083.xml,medium-polygonal
p1,./Annotations\1083.xml,medium-polygonal
p1,./Annotations\1083.xml,medium-polygonal
p1,./Annotations\1083.xml,medium-polygonal
p1,./Annotations\1083.xml,medium-polygonal
p1,./Annotations\1083.xml,medium-polygonal
p1,./Annotations\1083.xml,small-polygonal
p1,./Annotations\1083.xml,small-polygonal
p1,./Annotations\1083.xml,small-spread
p1,./Annotations\1083.xml,small-polygonal
p1,./Annotations\1083.xml,small-polygonal
p1,./Annotations\1083.xml,medium-spread
p1,./Annotations\1083.xml,dividing
p1,./Annotations\1083.xml,small-spread
p1,./Annotations\1088.xml,small-spread
p1,./Annotations\1088.xml,small-polygonal
p1,./Annotations\1088.xml,medium-spread
p1,./Annotations\1088.xml,small-polygonal
p1,./Annotations\1088.xml,small-polygonal
p1,./Annotations\1088.xml,small-polygonal
p1,./Annotations\1088.xml,medium-spread
p1,./Annotations\1088.xml,medium-spread
p1,./Annotations\1088.xml,small-polygonal
p1,./Annotations\1089.xml,medium-spread
p1,./Annotations\1089.xml,medium-spread
p1,./Annotations\1089.xml,medium-polygonal
p1,./Annotations\1089.xml,medium-polygonal
p1,./Annotations\1089.xml,medium-polygonal
p1,./Annotations\1089.xml,small-polygonal
p1,./Annotations\1089.xml,small-polygonal
p1,./Annotations\1089.xml,small-spread
p1,./Annotations\1089.xml,medium-polygonal
p1,./Annotations\1092.xml,small-polygonal
p1,./Annotations\1092.xml,small-polygonal
p1,./Annotations\1092.xml,small-polygonal
p1,./Annotations\1092.xml,small-polygonal
p1,./Annotations\1092.xml,small-spread
p1,./Annotations\1092.xml,medium-polygonal
p1,./Annotations\1092.xml,medium-polygonal
p1,./Annotations\1092.xml,medium-spread
p1,./Annotations\1092.xml,medium-polygonal
p1,./Annotations\1092.xml,dividing
p1,./Annotations\1092.xml,medium-spread
p1,./Annotations\1092.xml,small-polygonal
p1,./Annotations\1092.xml,small-polygonal
p1,./Annotations\1095.xml,small-spread
p1,./Annotations\1095.xml,dividing
p1,./Annotations\1095.xml,dividing
p1,./Annotations\1095.xml,small-polygonal
p1,./Annotations\1095.xml,small-polygonal
p1,./Annotations\1095.xml,dividing
p1,./Annotations\1095.xml,medium-spread
p1,./Annotations\1095.xml,medium-spread
p1,./Annotations\1097.xml,small-polygonal
p1,./Annotations\1097.xml,small-polygonal
p1,./Annotations\1097.xml,medium-polygonal
p1,./Annotations\1097.xml,medium-spread
p1,./Annotations\1097.xml,small-spread
p1,./Annotations\1097.xml,dividing
p1,./Annotations\1097.xml,small-polygonal
p1,./Annotations\1097.xml,small-polygonal
p1,./Annotations\1097.xml,small-spread
p1,./Annotations\1097.xml,small-spread
p1,./Annotations\1097.xml,small-spread
p1,./Annotations\1097.xml,medium-spread
p1,./Annotations\1097.xml,small-polygonal
p1,./Annotations\1097.xml,medium-spread
p1,./Annotations\1097.xml,medium-spread
p1,./Annotations\1097.xml,medium-spread
p1,./Annotations\1097.xml,dividing
p1,./Annotations\1097.xml,medium-spread
p1,./Annotations\1100.xml,small-round
p1,./Annotations\1100.xml,small-round
p1,./Annotations\1100.xml,small-round
p1,./Annotations\1100.xml,small-spread
p1,./Annotations\1100.xml,small-polygonal
p1,./Annotations\1100.xml,small-polygonal
p1,./Annotations\1100.xml,small-polygonal
p1,./Annotations\1100.xml,small-polygonal
p1,./Annotations\1100.xml,small-polygonal
p1,./Annotations\1100.xml,small-polygonal
p1,./Annotations\1100.xml,small-spread
p1,./Annotations\1100.xml,small-spread
p1,./Annotations\1100.xml,dividing
p1,./Annotations\1100.xml,medium-polygonal
p1,./Annotations\1100.xml,dividing
p1,./Annotations\1100.xml,medium-polygonal
p1,./Annotations\1100.xml,dividing
p1,./Annotations\1100.xml,medium-polygonal
p1,./Annotations\1100.xml,medium-polygonal
p1,./Annotations\1100.xml,medium-spread
p1,./Annotations\1102.xml,medium-polygonal
p1,./Annotations\1102.xml,small-polygonal
p1,./Annotations\1102.xml,dividing
p1,./Annotations\1102.xml,dividing
p1,./Annotations\1102.xml,small-polygonal
p1,./Annotations\1102.xml,medium-polygonal
p1,./Annotations\1102.xml,small-round
p1,./Annotations\1102.xml,dividing
p1,./Annotations\1102.xml,small-polygonal
p1,./Annotations\1102.xml,small-polygonal
p1,./Annotations\1102.xml,small-polygonal
p1,./Annotations\1102.xml,small-polygonal
p1,./Annotations\1102.xml,small-spread
p1,./Annotations\1102.xml,small-polygonal
p1,./Annotations\1105.xml,small-polygonal
p1,./Annotations\1105.xml,small-polygonal
p1,./Annotations\1105.xml,small-polygonal
p1,./Annotations\1105.xml,small-polygonal
p1,./Annotations\1105.xml,small-polygonal
p1,./Annotations\1105.xml,small-polygonal
p1,./Annotations\1105.xml,dividing
p1,./Annotations\1105.xml,medium-spread
p1,./Annotations\1105.xml,medium-spread
p1,./Annotations\1105.xml,medium-spread
p1,./Annotations\1105.xml,medium-spread
p1,./Annotations\1106.xml,medium-polygonal
p1,./Annotations\1106.xml,small-spread
p1,./Annotations\1106.xml,dividing
p1,./Annotations\1106.xml,small-polygonal
p1,./Annotations\1106.xml,small-polygonal
p1,./Annotations\1106.xml,small-polygonal
p1,./Annotations\1106.xml,medium-polygonal
p1,./Annotations\1106.xml,medium-polygonal
p1,./Annotations\1106.xml,dividing
p1,./Annotations\1106.xml,small-round
p1,./Annotations\1106.xml,medium-polygonal
p1,./Annotations\1106.xml,medium-spread
p1,./Annotations\1106.xml,small-polygonal
p1,./Annotations\1108.xml,medium-polygonal
p1,./Annotations\1108.xml,medium-polygonal
p1,./Annotations\1108.xml,medium-polygonal
p1,./Annotations\1108.xml,small-polygonal
p1,./Annotations\1108.xml,small-polygonal
p1,./Annotations\1108.xml,dividing
p1,./Annotations\1108.xml,large-spread
p1,./Annotations\1109.xml,medium-polygonal
p1,./Annotations\1109.xml,small-polygonal
p1,./Annotations\1109.xml,small-polygonal
p1,./Annotations\1109.xml,medium-polygonal
p1,./Annotations\1109.xml,small-polygonal
p1,./Annotations\1109.xml,small-round
p1,./Annotations\1110.xml,medium-polygonal
p1,./Annotations\1110.xml,dividing
p1,./Annotations\1110.xml,medium-polygonal
p1,./Annotations\1110.xml,dividing
p1,./Annotations\1110.xml,small-polygonal
p1,./Annotations\1110.xml,small-spread
p1,./Annotations\1111.xml,dividing
p1,./Annotations\1111.xml,medium-polygonal
p1,./Annotations\1111.xml,medium-spread
p1,./Annotations\1111.xml,medium-polygonal
p1,./Annotations\1112.xml,dividing
p1,./Annotations\1112.xml,dividing
p1,./Annotations\1112.xml,medium-polygonal
p1,./Annotations\1112.xml,small-polygonal
p1,./Annotations\1113.xml,dividing
p1,./Annotations\1113.xml,medium-spread
p1,./Annotations\1113.xml,small-spread
p1,./Annotations\1113.xml,small-polygonal
p1,./Annotations\1113.xml,small-spread
p1,./Annotations\1113.xml,medium-spread
p1,./Annotations\1113.xml,small-polygonal
p1,./Annotations\1113.xml,small-polygonal
p1,./Annotations\1113.xml,small-spread
p1,./Annotations\1113.xml,small-spread
p1,./Annotations\1113.xml,small-polygonal
p1,./Annotations\1116.xml,dividing
p1,./Annotations\1116.xml,dividing
p1,./Annotations\1116.xml,small-polygonal
p1,./Annotations\1116.xml,small-polygonal
p1,./Annotations\1116.xml,small-polygonal
p1,./Annotations\1116.xml,small-polygonal
p1,./Annotations\1116.xml,small-polygonal
p1,./Annotations\1116.xml,medium-spread
p1,./Annotations\1116.xml,small-polygonal
p1,./Annotations\1116.xml,small-polygonal
p1,./Annotations\1116.xml,small-polygonal
p1,./Annotations\1116.xml,small-polygonal
p1,./Annotations\1118.xml,medium-polygonal
p1,./Annotations\1118.xml,small-polygonal
p1,./Annotations\1118.xml,small-polygonal
p1,./Annotations\1118.xml,dividing
p1,./Annotations\1118.xml,dividing
p1,./Annotations\1118.xml,small-polygonal
p1,./Annotations\1118.xml,small-spread
p1,./Annotations\1118.xml,medium-spread
p1,./Annotations\1118.xml,small-polygonal
p1,./Annotations\1118.xml,small-spread
p1,./Annotations\1120.xml,medium-spread
p1,./Annotations\1120.xml,dividing
p1,./Annotations\1120.xml,small-spread
p1,./Annotations\1120.xml,medium-polygonal
p1,./Annotations\1120.xml,medium-polygonal
p1,./Annotations\1120.xml,small-polygonal
p1,./Annotations\1124.xml,medium-polygonal
p1,./Annotations\1124.xml,medium-spread
p1,./Annotations\1124.xml,medium-polygonal
p1,./Annotations\1124.xml,medium-spread
p1,./Annotations\1124.xml,medium-spread
p1,./Annotations\1124.xml,small-spread
p1,./Annotations\1124.xml,medium-spread
p1,./Annotations\1124.xml,large-spread
p1,./Annotations\1124.xml,medium-spread
p1,./Annotations\1125.xml,small-polygonal
p1,./Annotations\1125.xml,small-spread
p1,./Annotations\1125.xml,small-polygonal
p1,./Annotations\1125.xml,small-polygonal
p1,./Annotations\1125.xml,small-spread
p1,./Annotations\1125.xml,dividing
p1,./Annotations\1125.xml,dividing
p1,./Annotations\1125.xml,medium-spread
p1,./Annotations\1125.xml,small-round
p1,./Annotations\1125.xml,small-polygonal
p1,./Annotations\1125.xml,large-spread
p1,./Annotations\1127.xml,dividing
p1,./Annotations\1127.xml,dividing
p1,./Annotations\1127.xml,dividing
p1,./Annotations\1127.xml,small-spread
p1,./Annotations\1127.xml,small-polygonal
p1,./Annotations\1127.xml,dividing
p1,./Annotations\1127.xml,dividing
p1,./Annotations\1127.xml,medium-spread
p1,./Annotations\1127.xml,dividing
p1,./Annotations\1129.xml,medium-spread
p1,./Annotations\1129.xml,medium-spread
p1,./Annotations\1129.xml,dividing
p1,./Annotations\1129.xml,small-spread
p1,./Annotations\1129.xml,small-spread
p1,./Annotations\1129.xml,dividing
p1,./Annotations\1129.xml,dividing
p1,./Annotations\1129.xml,large-spread
p1,./Annotations\1129.xml,medium-spread
p1,./Annotations\1129.xml,small-spread
p1,./Annotations\1129.xml,medium-spread
p1,./Annotations\1129.xml,medium-spread
p1,./Annotations\1130.xml,dividing
p1,./Annotations\1130.xml,small-polygonal
p1,./Annotations\1130.xml,dividing
p1,./Annotations\1130.xml,dividing
p1,./Annotations\1130.xml,medium-spread
p1,./Annotations\1130.xml,medium-polygonal
p1,./Annotations\1130.xml,medium-spread
p1,./Annotations\1130.xml,small-polygonal
p1,./Annotations\1130.xml,small-spread
p1,./Annotations\1130.xml,small-spread
p1,./Annotations\1132.xml,medium-spread
p1,./Annotations\1132.xml,medium-spread
p1,./Annotations\1132.xml,small-spread
p1,./Annotations\1132.xml,medium-polygonal
p1,./Annotations\1135.xml,medium-polygonal
p1,./Annotations\1135.xml,small-spread
p1,./Annotations\1135.xml,small-polygonal
p1,./Annotations\1135.xml,medium-polygonal
p1,./Annotations\1135.xml,medium-spread
p1,./Annotations\1135.xml,small-polygonal
p1,./Annotations\1137.xml,medium-spread
p1,./Annotations\1137.xml,small-spread
p1,./Annotations\1137.xml,medium-spread
p1,./Annotations\1137.xml,medium-spread
p1,./Annotations\1137.xml,medium-spread
p1,./Annotations\1137.xml,medium-spread
p1,./Annotations\1137.xml,dividing
p1,./Annotations\1137.xml,medium-polygonal
p1,./Annotations\1137.xml,medium-spread
p1,./Annotations\1137.xml,medium-polygonal
